Idx,Student ID,Well versed with the subject,Explains concepts in an understandable way,Use of presentations,Degree of difficulty of assignments,Solves doubts willingly,Structuring of the course,Provides support for students going above and beyond,Course recommendation based on relevance,Avg_rating,Overall Sentiment
1,340,2.78,1.44,3.67,3.22,4.56,1.44,1,4.11,2.7775,Neutral
2,253,3.22,2.78,4.11,3.22,1.44,1,1.44,4.56,2.72125,Neutral
3,680,3.67,3.67,3.22,2.78,2.33,1.44,1.89,1,2.5,Neutral
4,806,4.56,3.22,3.67,1,2.78,4.56,2.33,3.22,3.1675,Negative
5,632,4.11,5,4.11,2.33,3.22,3.22,4.56,4.56,3.88875,Negative
6,832,3.67,1.44,3.67,4.11,1.89,2.78,1,2.33,2.61125,Neutral
7,772,4.56,1.89,2.78,1.44,5,1.89,4.11,1,2.83375,Neutral
8,961,4.56,4.11,3.67,2.33,2.33,1.89,1.89,5,3.2225,Negative
9,814,3.22,2.78,4.11,3.22,2.33,2.33,3.67,4.56,3.2775,Negative
10,863,2.78,4.56,2.33,3.67,4.56,2.33,2.33,2.78,3.1675,Negative
11,576,5,1.89,4.11,3.22,3.22,1.89,3.22,4.56,3.38875,Negative
12,702,4.11,2.33,3.67,1,1.44,1,4.11,4.11,2.72125,Neutral
13,541,2.78,2.33,2.33,1.44,1.44,3.67,4.11,1,2.3875,Neutral
14,552,2.78,3.22,3.67,1.44,3.67,2.33,2.33,1.44,2.61,Neutral
15,510,3.22,3.67,4.11,1.89,2.33,3.67,3.67,3.22,3.2225,Negative
16,159,3.67,3.67,3.22,3.22,1.89,4.56,1.89,1,2.89,Neutral
17,223,4.56,5,2.33,2.78,3.67,5,5,3.22,3.945,Negative
18,807,4.11,1.89,2.33,1.44,1.44,2.33,3.22,1,2.22,Neutral
19,525,4.56,4.56,2.33,1.89,2.78,2.78,4.56,1.44,3.1125,Negative
20,799,2.78,3.22,2.78,2.33,1.44,1,1,3.67,2.2775,Neutral
21,24,4.56,5,3.22,5,1.44,5,1,4.56,3.7225,Negative
22,509,4.11,1.44,3.67,2.78,1.44,1.89,2.33,2.33,2.49875,Neutral
23,797,4.56,5,2.33,5,4.56,1.44,5,3.67,3.945,Negative
24,418,4.11,4.11,3.22,3.67,4.56,2.78,1.44,4.11,3.5,Negative
25,48,2.78,2.78,2.33,1.44,1,5,5,4.56,3.11125,Negative
26,657,4.56,2.78,3.67,1.89,1.44,4.11,5,3.22,3.33375,Negative
27,864,4.56,4.11,2.78,1.44,1.89,4.56,1.44,4.11,3.11125,Negative
28,861,2.78,3.22,2.33,2.78,2.33,2.33,3.22,3.22,2.77625,Neutral
29,118,4.56,5,3.67,3.67,2.33,3.22,4.56,1,3.50125,Negative
30,387,3.67,1.89,4.11,1,3.22,4.11,3.22,4.11,3.16625,Negative
31,282,2.78,3.22,3.67,1.89,4.11,1,1,4.56,2.77875,Neutral
32,503,4.11,3.22,3.22,1.89,1.89,3.22,2.33,5,3.11,Negative
33,934,2.78,3.22,2.33,3.22,5,1.89,2.33,5,3.22125,Negative
34,781,4.11,1.89,2.33,2.78,1,4.11,5,2.78,3,Negative
35,898,5,5,2.33,1.89,2.78,2.33,1.44,1,2.72125,Neutral
36,474,4.11,1.89,3.67,3.22,2.33,1.89,3.67,3.67,3.05625,Negative
37,704,4.56,4.56,4.11,3.22,4.11,2.33,4.11,2.78,3.7225,Negative
38,977,4.56,2.78,2.33,2.33,3.22,1.89,1,4.56,2.83375,Neutral
39,454,4.56,3.22,3.22,1,5,4.11,5,3.67,3.7225,Negative
40,295,2.78,3.67,3.22,1.89,1,3.67,1.44,4.56,2.77875,Neutral
41,35,5,3.22,2.33,2.78,3.22,1.44,1.89,1,2.61,Neutral
42,304,4.56,4.56,2.33,3.22,2.78,1,3.67,1.44,2.945,Neutral
43,56,3.22,4.56,3.22,4.11,4.56,3.22,1.44,2.33,3.3325,Negative
44,922,4.11,5,3.67,2.33,2.78,4.56,1.89,2.78,3.39,Negative
45,569,5,3.67,3.22,4.56,1.44,3.22,1.44,2.78,3.16625,Negative
46,186,3.22,2.33,2.33,2.33,3.22,4.56,5,5,3.49875,Negative
47,258,3.67,1.44,3.67,1.44,3.67,1.44,3.22,5,2.94375,Neutral
48,560,4.11,3.67,4.11,1.89,4.11,3.67,2.33,4.11,3.5,Negative
49,621,5,2.33,2.78,1,2.78,5,1,5,3.11125,Negative
50,568,5,3.67,2.33,3.22,5,4.11,5,4.11,4.055,Positive
51,393,3.22,4.56,4.11,3.67,2.78,4.11,1,2.33,3.2225,Negative
52,12,4.11,5,3.67,1.44,4.11,4.56,3.22,3.22,3.66625,Negative
53,798,3.67,1.44,4.11,3.67,5,2.78,1.89,2.78,3.1675,Negative
54,740,4.11,5,3.67,1.89,1.44,5,5,1,3.38875,Negative
55,184,5,4.56,4.11,3.22,2.33,4.11,4.11,4.56,4,Negative
56,410,3.67,1.44,2.78,1.44,3.22,3.22,1.89,5,2.8325,Neutral
57,480,5,3.22,3.67,4.11,2.78,1.89,1,2.78,3.05625,Negative
58,84,3.67,2.33,3.22,5,3.67,3.67,4.11,4.56,3.77875,Negative
59,89,4.56,4.56,2.33,2.78,1,1.44,1.89,4.56,2.89,Neutral
60,763,3.22,4.56,3.22,3.67,3.22,5,1.44,2.78,3.38875,Negative
61,86,3.67,4.11,3.22,4.11,1.89,5,1.44,3.67,3.38875,Negative
62,867,3.22,2.33,3.22,2.33,1.44,3.67,2.78,1.89,2.61,Neutral
63,248,3.22,3.22,2.33,3.22,3.22,3.22,1.44,1.89,2.72,Neutral
64,751,3.67,1.89,4.11,5,1.44,3.67,1.44,3.22,3.055,Negative
65,522,3.22,4.56,4.11,5,4.56,2.78,1.89,3.22,3.6675,Negative
66,696,2.78,2.78,2.33,4.56,1.89,1,4.11,3.22,2.83375,Neutral
67,274,4.11,1.44,2.33,3.67,5,4.11,2.78,4.11,3.44375,Negative
68,921,4.56,3.67,2.78,5,5,4.56,3.22,2.33,3.89,Negative
69,957,3.22,1.44,3.67,4.11,2.78,4.56,2.78,2.33,3.11125,Negative
70,88,4.56,2.33,2.33,4.56,4.56,4.56,3.67,5,3.94625,Negative
71,149,2.78,3.22,2.78,1,4.11,4.56,3.67,4.11,3.27875,Negative
72,737,3.67,4.56,2.33,2.78,2.78,1.44,1.44,1,2.5,Neutral
73,891,3.67,1.44,2.33,4.56,3.22,4.56,3.67,4.56,3.50125,Negative
74,1,4.56,3.22,4.11,3.67,3.22,2.78,1.89,5,3.55625,Negative
75,868,3.67,4.56,3.67,1.44,3.22,1.44,4.56,2.33,3.11125,Negative
76,895,2.78,2.78,3.67,3.67,1.44,1,4.11,4.56,3.00125,Negative
77,638,4.56,5,4.11,1.44,1,1,2.33,4.11,2.94375,Neutral
78,707,2.78,3.22,3.22,2.78,1,4.56,3.22,4.56,3.1675,Negative
79,432,4.56,4.56,3.22,4.11,1.44,1.89,1.44,2.33,2.94375,Neutral
80,988,3.67,2.33,3.22,3.67,3.22,4.56,3.67,1,3.1675,Negative
81,742,3.67,3.67,4.11,1.44,1,1,4.11,1,2.5,Neutral
82,730,3.22,2.78,2.33,2.78,3.22,3.22,3.67,1.44,2.8325,Neutral
83,321,2.78,3.67,3.22,1.44,1.89,2.78,1.89,2.78,2.55625,Neutral
84,904,4.11,2.78,4.11,4.56,3.67,4.56,4.11,3.22,3.89,Negative
85,171,3.22,5,2.33,3.22,1,3.22,1.44,1.89,2.665,Neutral
86,695,5,2.33,2.33,1,2.78,4.11,3.67,1,2.7775,Neutral
87,498,4.11,2.78,2.33,2.78,5,3.67,1,5,3.33375,Negative
88,446,3.67,4.11,2.78,5,5,1.44,2.78,4.56,3.6675,Negative
89,982,4.56,5,3.67,2.78,3.22,3.22,1,2.78,3.27875,Negative
90,981,3.67,3.22,3.67,2.78,2.33,3.22,4.11,1.89,3.11125,Negative
91,849,3.22,5,3.22,3.67,3.67,2.33,5,3.67,3.7225,Negative
92,297,3.67,5,3.22,4.11,5,5,1.44,4.11,3.94375,Negative
93,713,4.11,3.22,3.67,2.78,1.44,3.67,5,4.11,3.5,Negative
94,192,4.11,2.33,4.11,3.22,1.89,2.78,1,2.78,2.7775,Neutral
95,561,4.56,3.22,2.33,4.11,3.22,4.11,1.89,1.89,3.16625,Negative
96,364,3.22,3.22,3.67,4.56,3.22,2.33,3.67,3.22,3.38875,Negative
97,40,3.22,3.67,2.78,3.22,5,2.78,3.22,1.89,3.2225,Negative
98,521,2.78,4.56,2.33,1.44,1,4.11,1.89,3.67,2.7225,Neutral
99,201,4.11,1.44,4.11,4.56,4.11,4.11,4.56,2.33,3.66625,Negative
100,780,3.22,2.33,2.33,5,3.22,2.78,3.22,4.11,3.27625,Negative
101,853,3.67,4.56,2.33,4.11,4.56,2.33,5,1.44,3.5,Negative
102,202,2.78,3.22,3.22,5,1.89,2.33,1.44,4.11,2.99875,Neutral
103,421,3.22,1.89,4.11,5,3.22,4.11,3.67,4.56,3.7225,Negative
104,671,4.56,4.11,3.22,5,5,3.67,3.67,4.11,4.1675,Positive
105,334,2.78,4.56,2.33,1.89,4.11,5,2.33,1.44,3.055,Negative
106,843,3.22,4.11,2.78,2.33,2.78,2.78,5,3.22,3.2775,Negative
107,57,5,3.67,3.22,5,2.33,2.33,1.44,2.33,3.165,Negative
108,353,3.22,3.67,2.78,1.89,3.22,3.22,3.67,2.78,3.05625,Negative
109,681,3.67,1.44,3.67,2.78,1.44,1,1.89,3.67,2.445,Neutral
110,394,3.22,1.89,3.22,5,3.67,2.33,1.89,1.89,2.88875,Neutral
111,188,3.67,3.22,4.11,4.56,4.56,4.11,4.56,5,4.22375,Positive
112,641,2.78,5,3.22,3.67,2.33,1.44,2.78,2.33,2.94375,Neutral
113,544,5,3.67,4.11,2.33,3.22,2.78,3.67,4.11,3.61125,Negative
114,163,4.56,1.89,2.33,3.67,1.89,4.11,3.22,4.11,3.2225,Negative
115,283,4.56,1.44,3.22,1,1.44,5,2.78,2.78,2.7775,Neutral
116,820,3.22,2.78,2.33,4.56,1.44,2.78,5,3.67,3.2225,Negative
117,254,3.22,3.22,3.22,4.11,4.56,2.33,2.33,4.11,3.3875,Negative
118,221,4.56,3.22,4.11,1,4.11,1.44,2.78,3.22,3.055,Negative
119,736,4.11,1.44,4.11,4.11,1.44,3.22,2.78,2.33,2.9425,Neutral
120,280,4.56,5,2.33,3.67,3.67,1.89,2.78,2.33,3.27875,Negative
121,976,2.78,1.44,2.78,2.78,3.67,4.56,2.33,1.89,2.77875,Neutral
122,481,4.56,5,4.11,4.56,1,1.89,1,4.56,3.335,Negative
123,80,3.67,3.22,2.33,1,2.78,3.22,1,4.11,2.66625,Neutral
124,473,5,5,3.67,2.78,1.44,3.22,5,2.78,3.61125,Negative
125,762,5,3.67,2.78,3.67,4.11,4.56,1.89,2.33,3.50125,Negative
126,385,2.78,1.44,3.22,3.67,1.89,1.44,5,1,2.555,Neutral
127,195,4.56,3.67,2.78,2.78,5,5,2.78,1,3.44625,Negative
128,144,4.11,3.22,2.78,3.22,1.89,4.11,1.44,3.22,2.99875,Neutral
129,767,5,5,4.11,1.89,4.56,3.22,2.33,4.11,3.7775,Negative
130,300,3.22,4.11,2.33,2.78,2.78,4.56,2.78,2.33,3.11125,Negative
131,580,2.78,1.44,2.78,4.11,3.22,2.78,2.33,4.56,3,Neutral
132,216,2.78,4.56,4.11,1.44,2.33,4.11,4.56,5,3.61125,Negative
133,583,4.56,1.89,2.33,3.22,2.78,1.89,4.11,3.67,3.05625,Negative
134,881,3.67,4.56,2.78,4.56,2.33,2.78,2.33,4.11,3.39,Negative
135,488,4.11,4.11,3.22,4.56,3.67,2.33,3.22,1,3.2775,Negative
136,892,2.78,4.11,4.11,4.56,3.22,4.56,5,3.22,3.945,Negative
137,152,3.67,1.44,2.78,1,2.78,5,2.78,3.22,2.83375,Neutral
138,925,3.67,5,3.22,3.67,4.56,5,1,1.89,3.50125,Negative
139,729,4.56,4.56,4.11,3.67,2.78,2.33,2.78,2.78,3.44625,Negative
140,647,2.78,2.78,4.11,4.11,4.56,3.22,4.56,4.11,3.77875,Negative
141,686,4.11,3.22,2.78,2.78,1.44,3.22,2.78,4.11,3.055,Negative
142,93,4.56,5,3.22,2.33,4.56,3.22,3.67,4.11,3.83375,Negative
143,485,4.11,2.33,3.67,1,2.33,3.67,1,2.33,2.555,Neutral
144,59,2.78,4.11,2.78,3.22,5,1.89,2.33,5,3.38875,Negative
145,907,5,2.33,3.67,3.22,1,1.44,2.78,1,2.555,Neutral
146,158,5,3.22,2.78,3.22,1.44,5,1.89,4.11,3.3325,Negative
147,955,5,2.33,2.33,1,5,1,5,5,3.3325,Negative
148,758,4.11,1.89,3.67,3.67,4.56,3.22,3.67,2.78,3.44625,Negative
149,605,3.22,2.33,2.33,2.33,3.67,2.78,2.78,1.44,2.61,Neutral
150,475,5,3.22,2.33,4.56,1.89,1,3.22,3.67,3.11125,Negative
151,154,4.56,3.67,2.33,4.11,1.44,3.22,1.89,4.56,3.2225,Negative
152,79,3.22,2.33,3.22,3.22,3.22,2.33,4.56,5,3.3875,Negative
153,36,5,3.22,2.78,1.44,1,4.56,4.56,3.22,3.2225,Negative
154,562,3.22,1.89,3.22,3.67,4.11,3.67,2.33,1,2.88875,Neutral
155,231,5,3.67,4.11,1,1.89,1.89,1.89,1.89,2.6675,Neutral
156,869,4.11,3.67,3.22,1.44,4.56,2.33,1,3.67,3,Negative
157,608,3.67,2.33,3.22,2.78,2.33,3.67,4.11,3.67,3.2225,Negative
158,846,5,3.67,3.67,2.33,3.67,5,3.67,1,3.50125,Negative
159,542,5,2.33,3.67,3.67,1.44,1.44,2.78,4.56,3.11125,Negative
160,941,4.56,1.89,3.67,1.44,4.56,3.67,1.89,1,2.835,Neutral
161,919,5,1.44,4.11,2.78,3.22,1.89,4.11,2.78,3.16625,Negative
162,352,3.22,1.44,3.22,1.89,2.78,1.89,4.11,3.22,2.72125,Neutral
163,839,4.56,1.44,2.78,5,2.33,2.33,4.56,1,3,Neutral
164,266,4.11,4.11,2.78,3.22,3.22,4.11,1.44,1.44,3.05375,Negative
165,298,4.11,2.33,4.11,4.56,3.67,1,3.67,1.89,3.1675,Negative
166,929,5,1.44,3.22,1,1,4.56,4.56,3.67,3.05625,Negative
167,574,3.22,2.33,4.11,2.78,4.56,2.78,3.67,5,3.55625,Negative
168,250,2.78,3.67,3.67,1.89,1,3.22,1.89,1,2.39,Neutral
169,616,4.56,4.11,3.22,4.56,3.22,1.89,2.78,4.11,3.55625,Negative
170,164,4.11,2.78,3.67,5,4.11,4.56,5,1,3.77875,Negative
171,827,3.22,1.89,2.33,4.56,3.67,4.11,3.67,3.22,3.33375,Negative
172,228,3.67,3.22,3.22,1,3.22,3.22,3.22,4.56,3.16625,Negative
173,787,5,5,2.78,5,1,4.56,1.89,4.11,3.6675,Negative
174,317,4.11,4.11,2.33,1,5,5,4.56,1,3.38875,Negative
175,110,4.56,3.22,2.33,1,2.33,3.67,4.56,2.78,3.05625,Negative
176,165,3.22,1.44,3.22,1.44,1.44,5,1.44,1.44,2.33,Neutral
177,701,2.78,4.56,3.67,1,4.56,4.56,1,4.56,3.33625,Negative
178,362,3.67,4.56,3.22,3.67,2.33,4.11,1,1.44,3,Negative
179,890,4.11,3.67,2.78,1.89,4.56,1,2.33,2.78,2.89,Neutral
180,728,5,4.56,2.33,4.11,2.78,1.44,1.89,5,3.38875,Negative
181,466,4.56,4.11,2.78,2.78,3.22,1.44,5,2.33,3.2775,Negative
182,709,4.56,1.89,3.22,2.33,2.33,4.11,5,1,3.055,Negative
183,482,5,1.89,2.33,1.89,5,1,4.11,2.78,3,Negative
184,406,4.56,5,3.22,1,3.22,1,4.56,1.44,3,Negative
185,66,4.11,2.78,4.11,3.67,3.22,1,4.56,4.56,3.50125,Negative
186,862,3.22,2.78,3.22,2.78,3.67,1.44,5,4.11,3.2775,Negative
187,61,4.56,4.11,3.22,2.78,1.89,5,3.22,3.22,3.5,Negative
188,111,3.67,4.56,3.67,1,5,5,1.89,5,3.72375,Negative
189,147,3.22,4.11,2.33,3.22,4.56,3.22,4.11,3.67,3.555,Negative
190,211,3.67,2.33,2.33,1.89,3.67,4.11,3.67,5,3.33375,Negative
191,996,3.22,2.78,3.22,5,4.11,3.67,4.11,2.33,3.555,Negative
192,459,4.11,2.78,4.11,3.22,3.22,1,4.11,2.33,3.11,Negative
193,81,2.78,2.78,3.22,2.78,3.67,1.89,4.56,2.78,3.0575,Negative
194,288,2.78,4.56,3.22,4.56,2.33,2.33,1.44,3.22,3.055,Negative
195,6,3.67,5,4.11,1.89,1.89,2.33,1,1.44,2.66625,Neutral
196,547,3.22,3.22,4.11,2.78,1,1.44,1.44,4.11,2.665,Neutral
197,30,3.22,1.44,3.67,2.78,1,5,4.56,5,3.33375,Negative
198,445,4.56,2.33,2.33,1.44,2.33,4.11,1,3.22,2.665,Neutral
199,591,3.22,4.56,4.11,2.78,5,3.22,1.44,5,3.66625,Negative
200,770,5,5,2.78,3.67,5,3.67,3.67,5,4.22375,Positive
201,484,4.56,3.22,4.11,5,1.89,1.44,4.11,2.33,3.3325,Negative
202,180,4.11,2.33,2.33,1,3.22,4.56,3.22,1,2.72125,Neutral
203,946,2.78,2.78,2.78,3.22,1,1.89,5,2.78,2.77875,Neutral
204,901,4.56,4.11,3.22,1,1.44,4.56,4.11,1.44,3.055,Negative
205,517,5,2.78,3.67,3.67,2.78,5,3.22,2.78,3.6125,Negative
206,545,4.56,2.33,4.11,1,4.11,3.22,1.44,2.33,2.8875,Neutral
207,918,4.11,1.89,4.11,4.56,4.56,1,3.22,1,3.05625,Negative
208,652,4.11,1.89,2.33,4.11,1.89,1.44,1.44,1.89,2.3875,Neutral
209,471,5,5,2.33,4.11,1.44,1.44,2.33,3.67,3.165,Negative
210,323,3.22,4.11,3.67,2.78,2.33,1,4.56,1.89,2.945,Neutral
211,276,4.11,2.78,3.67,4.56,1,5,1,1.44,2.945,Neutral
212,672,3.67,4.11,2.78,3.22,2.78,5,2.78,5,3.6675,Negative
213,337,5,3.67,3.22,4.11,4.56,2.78,1,1,3.1675,Negative
214,468,3.67,3.67,4.11,2.33,1.44,1,2.78,5,3,Negative
215,380,4.11,4.11,2.33,4.11,1.44,2.33,4.56,1.44,3.05375,Negative
216,755,4.56,4.11,3.67,1.44,4.56,3.22,1.89,3.67,3.39,Negative
217,267,4.11,4.56,2.33,2.33,4.11,2.33,4.11,1,3.11,Negative
218,598,4.56,1.89,2.33,4.56,1.89,2.33,2.78,1,2.6675,Neutral
219,128,3.22,1.44,3.22,1,4.56,1.89,4.56,1.44,2.66625,Neutral
220,444,4.11,1.44,3.22,5,3.67,1.44,2.33,4.11,3.165,Negative
221,572,3.22,2.78,2.33,2.33,4.11,3.22,4.11,4.56,3.3325,Negative
222,319,4.11,1.89,3.22,3.22,3.67,5,4.11,2.33,3.44375,Negative
223,390,4.11,3.22,3.67,2.78,1,2.33,1.89,4.56,2.945,Neutral
224,176,5,1.44,3.22,3.67,2.33,5,1,1.89,2.94375,Neutral
225,883,3.67,2.33,2.33,1.44,4.11,3.22,3.67,2.33,2.8875,Neutral
226,831,2.78,1.44,4.11,1.89,2.78,5,3.67,3.67,3.1675,Negative
227,220,5,2.78,4.11,3.67,4.56,3.67,1.44,3.67,3.6125,Negative
228,17,3.67,3.22,2.78,1.89,4.56,2.78,2.78,1.44,2.89,Neutral
229,938,5,5,3.22,2.78,1.44,4.56,4.56,4.56,3.89,Negative
230,651,4.11,3.67,3.22,1.89,4.56,5,3.22,1,3.33375,Negative
231,953,2.78,5,4.11,5,3.22,2.33,3.22,2.33,3.49875,Negative
232,902,2.78,4.11,3.22,5,2.33,2.78,2.78,4.56,3.445,Negative
233,167,3.67,3.67,2.78,4.11,3.22,4.56,4.56,4.11,3.835,Negative
234,669,4.56,1.89,2.33,2.78,1.44,1.44,1,3.22,2.3325,Neutral
235,859,4.11,1.89,2.78,4.56,5,1.89,1,3.22,3.05625,Negative
236,120,4.11,2.33,3.67,2.78,2.33,2.33,5,3.22,3.22125,Negative
237,293,5,2.33,3.67,1,3.22,3.67,3.67,2.33,3.11125,Negative
238,789,5,1.44,4.11,3.67,4.56,4.11,1,2.33,3.2775,Negative
239,182,2.78,1.44,3.67,1.44,1.89,3.22,1,4.56,2.5,Neutral
240,369,5,2.78,2.33,2.33,1.89,3.67,2.33,5,3.16625,Negative
241,207,3.22,4.11,3.22,3.67,4.56,3.67,1.44,2.78,3.33375,Negative
242,842,5,3.67,2.78,1.89,1.89,3.22,2.33,3.22,3,Negative
243,38,2.78,4.11,3.67,3.22,5,4.11,4.56,2.78,3.77875,Negative
244,495,2.78,2.33,3.67,4.56,3.22,5,2.78,4.56,3.6125,Negative
245,942,5,3.22,4.11,1.89,3.67,4.11,2.33,2.78,3.38875,Negative
246,752,5,3.67,2.33,2.33,2.33,4.56,5,3.67,3.61125,Negative
247,940,3.67,1.89,3.22,4.56,5,4.11,1.89,2.78,3.39,Negative
248,648,2.78,3.67,3.67,4.56,3.22,1.89,5,1.89,3.335,Negative
249,125,3.22,1.44,2.33,2.78,4.56,3.67,3.67,3.67,3.1675,Negative
250,516,5,1.44,4.11,4.56,1.44,1.89,1.89,1,2.66625,Neutral
251,963,4.56,3.22,2.33,2.78,1.89,1.89,3.22,3.22,2.88875,Neutral
252,215,2.78,3.22,3.22,1.44,1,4.56,2.78,4.11,2.88875,Neutral
253,823,3.67,2.78,4.11,1.89,2.33,1.89,1,5,2.83375,Neutral
254,840,2.78,3.67,2.78,3.22,4.56,4.56,5,3.22,3.72375,Negative
255,429,4.11,1.89,2.78,1,4.11,1,4.11,4.56,2.945,Neutral
256,109,3.22,1.89,2.78,3.22,1,3.22,3.22,5,2.94375,Neutral
257,795,3.22,4.56,4.11,2.33,1.44,3.22,5,3.22,3.3875,Negative
258,760,4.56,2.33,2.33,1.89,4.11,2.78,5,1,3,Negative
259,536,5,5,2.33,3.67,4.11,3.67,3.22,1.44,3.555,Negative
260,888,3.22,3.22,2.78,1.44,1.89,3.22,3.22,1.89,2.61,Neutral
261,719,5,5,4.11,3.67,3.22,5,3.22,2.33,3.94375,Negative
262,654,3.22,2.33,2.33,4.56,2.78,4.11,4.11,1.44,3.11,Negative
263,947,3.67,1.89,4.11,1,2.78,4.56,3.67,1.44,2.89,Neutral
264,403,2.78,3.67,3.22,3.22,2.78,3.22,2.33,3.22,3.055,Negative
265,124,4.56,4.56,3.67,4.56,1,4.56,2.33,1.89,3.39125,Negative
266,548,4.56,4.11,3.22,3.67,1,1.44,3.67,3.22,3.11125,Negative
267,880,3.67,1.89,3.22,1.89,2.78,1.89,1.89,5,2.77875,Neutral
268,939,5,5,3.67,2.33,1,1.44,1.89,4.56,3.11125,Negative
269,166,3.22,5,2.33,2.33,2.33,4.11,2.33,3.22,3.10875,Negative
270,885,2.78,3.22,3.67,3.67,1.44,1.44,2.78,3.67,2.83375,Neutral
271,112,3.67,4.56,3.22,4.56,1,3.67,1,1.44,2.89,Neutral
272,811,4.11,4.11,4.11,3.22,1,2.33,4.56,1,3.055,Negative
273,213,5,4.11,2.33,5,1,2.78,3.22,1.44,3.11,Negative
274,375,5,2.33,2.33,1,1.89,2.33,3.67,4.56,2.88875,Neutral
275,897,3.22,3.67,2.33,1,4.56,4.11,4.11,3.67,3.33375,Negative
276,460,3.67,4.11,2.78,3.22,3.67,3.67,3.22,3.67,3.50125,Negative
277,416,3.22,1.44,2.78,4.11,4.56,3.22,1.89,3.67,3.11125,Negative
278,571,4.11,4.56,3.67,1.89,1,4.11,4.56,3.67,3.44625,Negative
279,744,4.11,2.78,3.67,1.89,5,2.33,3.22,3.67,3.33375,Negative
280,378,4.56,4.11,3.67,1.44,2.33,3.67,1.44,3.22,3.055,Negative
281,121,2.78,4.56,2.78,1.44,2.33,2.78,3.22,3.22,2.88875,Neutral
282,462,5,2.33,4.11,2.78,2.33,3.22,2.33,3.67,3.22125,Negative
283,777,4.11,3.22,2.33,3.22,2.33,3.67,5,1,3.11,Negative
284,845,2.78,5,3.22,4.11,2.33,2.33,2.33,2.78,3.11,Negative
285,533,3.22,5,2.78,3.67,1.44,2.78,5,5,3.61125,Negative
286,450,2.78,1.44,3.22,1.44,2.33,2.78,1,2.33,2.165,Neutral
287,717,3.22,1.44,2.33,3.22,3.22,1.44,3.22,4.56,2.83125,Neutral
288,469,5,4.11,3.22,1,1.89,2.78,4.11,5,3.38875,Negative
289,670,3.67,3.67,4.11,1,3.22,1,1.44,1,2.38875,Neutral
290,137,4.11,1.44,2.78,1.44,2.33,4.56,3.67,4.11,3.055,Negative
291,801,5,3.67,2.33,1.89,3.22,1,5,2.33,3.055,Negative
292,315,2.78,5,2.78,5,4.11,2.33,4.11,2.33,3.555,Negative
293,153,3.67,3.67,2.78,1.89,4.11,4.56,4.11,4.56,3.66875,Negative
294,190,4.11,3.22,3.67,2.78,3.22,2.33,1.89,4.11,3.16625,Negative
295,22,3.67,4.56,2.33,1,1.44,4.11,5,2.33,3.055,Negative
296,949,4.56,4.11,3.67,1,3.67,3.22,4.56,2.33,3.39,Negative
297,523,5,1.44,3.22,4.56,3.67,2.78,5,4.56,3.77875,Negative
298,527,2.78,3.22,2.78,1.44,4.11,3.22,4.56,4.11,3.2775,Negative
299,461,3.67,5,3.67,3.22,3.22,4.11,2.33,4.56,3.7225,Negative
300,244,2.78,4.11,2.33,4.56,1.89,5,1,1.89,2.945,Neutral
301,363,4.56,1.89,4.11,5,1.44,3.67,2.78,1,3.05625,Negative
302,610,4.11,5,3.22,4.11,1.44,1,2.78,1,2.8325,Neutral
303,381,4.56,1.44,4.11,4.11,1,4.56,1,1.44,2.7775,Neutral
304,954,4.11,4.11,3.22,1.89,4.56,2.78,3.67,1.44,3.2225,Negative
305,604,5,4.56,4.11,4.56,2.33,4.11,3.67,4.56,4.1125,Positive
306,414,5,3.22,2.33,4.11,1.44,4.56,4.56,1.89,3.38875,Negative
307,151,4.11,3.67,2.78,5,4.11,1.89,4.11,3.22,3.61125,Negative
308,721,3.22,4.56,2.33,1,2.33,5,5,4.56,3.5,Negative
309,664,5,4.11,3.67,2.33,4.11,1.44,1,5,3.3325,Negative
310,956,3.67,1.44,3.22,2.78,1.44,1.89,4.11,3.67,2.7775,Neutral
311,747,2.78,1.89,2.78,3.22,2.78,5,1.89,3.22,2.945,Neutral
312,438,4.56,3.22,2.78,4.56,1.44,1.89,4.56,1.89,3.1125,Negative
313,975,2.78,5,2.33,4.11,3.67,3.22,4.11,1.89,3.38875,Negative
314,277,2.78,3.22,4.11,3.67,1.44,3.67,1,5,3.11125,Negative
315,312,3.67,1.44,3.67,3.22,3.22,1.89,3.67,1.44,2.7775,Neutral
316,565,5,4.56,3.67,5,2.33,4.11,2.78,2.33,3.7225,Negative
317,739,4.11,3.67,2.78,5,1,1,4.11,1,2.83375,Neutral
318,584,4.11,4.11,2.78,4.11,3.22,3.22,4.56,2.33,3.555,Negative
319,894,3.22,1.89,2.78,2.33,3.67,1,2.78,2.78,2.55625,Neutral
320,270,4.56,5,2.78,4.56,3.22,2.33,3.67,3.67,3.72375,Negative
321,966,3.67,2.33,2.78,1.89,1,4.11,5,1.44,2.7775,Neutral
322,489,3.67,1.44,2.78,4.11,1,1,4.11,4.11,2.7775,Neutral
323,665,3.22,1.89,2.33,1.44,4.11,2.78,4.11,2.78,2.8325,Neutral
324,71,4.56,5,4.11,2.33,4.56,1.89,4.11,1.44,3.5,Negative
325,603,3.67,1.44,3.67,1,3.67,3.67,1,3.67,2.72375,Neutral
326,196,4.11,5,4.11,5,3.22,3.67,3.67,3.67,4.05625,Positive
327,804,4.56,1.89,3.67,3.22,5,3.67,4.56,3.67,3.78,Negative
328,837,2.78,5,2.33,1,2.33,4.11,4.56,1,2.88875,Neutral
329,530,3.22,2.78,2.33,4.56,1,1.44,1.89,3.22,2.555,Neutral
330,720,3.22,3.22,3.22,4.56,5,2.33,3.22,3.67,3.555,Negative
331,272,2.78,2.33,3.22,2.33,2.33,3.67,3.67,4.56,3.11125,Negative
332,984,2.78,5,3.22,2.33,1.44,5,2.33,3.22,3.165,Negative
333,185,5,1.89,4.11,2.33,1,5,3.67,4.56,3.445,Negative
334,487,3.22,3.22,2.33,1.44,5,5,1,4.56,3.22125,Negative
335,75,4.11,4.56,4.11,3.22,1.44,3.67,4.56,5,3.83375,Negative
336,718,3.22,1.89,3.22,3.67,3.22,3.22,1.44,3.22,2.8875,Neutral
337,496,5,3.67,2.33,3.22,5,2.78,1.89,3.22,3.38875,Negative
338,630,2.78,2.78,2.33,4.11,1.89,3.22,3.22,4.11,3.055,Negative
339,637,4.11,5,2.78,3.22,5,4.11,1.44,1.44,3.3875,Negative
340,360,4.56,4.56,4.11,1.44,1.89,1,4.11,3.22,3.11125,Negative
341,183,3.22,3.67,2.78,2.78,2.33,3.67,1,4.56,3.00125,Negative
342,689,5,4.11,3.67,4.11,1,4.56,2.78,5,3.77875,Negative
343,236,3.22,4.56,3.22,2.33,1,1.44,4.11,2.33,2.77625,Neutral
344,768,3.22,3.22,3.22,1.89,2.78,4.56,4.11,1.89,3.11125,Negative
345,316,3.67,1.44,3.67,4.11,3.22,2.33,1.44,4.56,3.055,Negative
346,396,3.22,5,2.33,3.22,1,1.44,2.33,5,2.9425,Neutral
347,212,3.22,2.33,2.33,3.22,2.78,5,5,1.44,3.165,Negative
348,830,4.56,3.67,3.67,5,3.67,4.11,3.22,2.33,3.77875,Negative
349,209,4.56,4.11,2.78,1.89,1.89,5,3.67,1.44,3.1675,Negative
350,62,3.67,2.33,2.33,2.78,1.89,5,1.44,1,2.555,Neutral
351,447,4.11,3.67,3.67,1,2.33,3.67,5,4.56,3.50125,Negative
352,100,3.22,3.22,3.22,5,3.67,2.78,3.67,4.11,3.61125,Negative
353,305,5,4.11,4.11,2.33,3.22,1.89,5,2.33,3.49875,Negative
354,494,5,3.22,3.22,3.22,2.33,5,1.44,4.56,3.49875,Negative
355,328,5,3.22,2.78,2.33,3.22,5,4.11,1.44,3.3875,Negative
356,854,4.11,1.44,4.11,2.33,3.22,1.44,2.33,3.67,2.83125,Neutral
357,866,2.78,5,2.33,4.11,1.89,3.67,2.33,2.78,3.11125,Negative
358,943,4.11,4.56,3.67,5,3.22,3.67,3.67,3.22,3.89,Negative
359,734,4.56,4.11,2.78,1.89,5,1,4.11,1.89,3.1675,Negative
360,189,4.56,1.89,3.22,1.44,1.89,4.11,5,3.67,3.2225,Negative
361,404,5,2.78,3.67,4.11,1,2.78,5,2.33,3.33375,Negative
362,518,3.67,2.33,4.11,2.78,3.67,4.56,1.44,3.22,3.2225,Negative
363,856,3.22,4.56,2.33,3.22,4.11,4.11,1.89,4.11,3.44375,Negative
364,70,4.56,1.44,2.78,4.11,5,4.56,3.67,3.22,3.6675,Negative
365,457,3.67,2.33,4.11,1.44,1.89,3.22,4.11,2.33,2.8875,Neutral
366,148,2.78,2.33,2.33,2.33,4.11,5,2.78,2.78,3.055,Negative
367,958,5,5,2.78,4.11,2.78,5,3.67,4.11,4.05625,Positive
368,356,3.67,1.89,3.67,3.22,2.33,1.44,1,5,2.7775,Neutral
369,793,5,4.56,3.22,2.33,3.67,3.22,4.11,1.89,3.5,Negative
370,771,4.11,3.67,3.22,2.33,4.11,3.67,1.89,1.44,3.055,Negative
371,452,2.78,3.22,3.67,4.56,3.67,4.11,3.22,1,3.27875,Negative
372,72,4.11,3.67,3.67,1.89,2.33,1,2.33,3.67,2.83375,Neutral
373,710,3.67,1.44,3.22,2.78,3.67,3.67,3.22,5,3.33375,Negative
374,980,3.22,1.89,3.67,1,2.78,2.33,4.56,2.33,2.7225,Neutral
375,145,3.22,4.11,2.33,3.22,1,1.89,1.44,3.67,2.61,Neutral
376,960,3.22,4.56,3.22,1,1.89,1.89,2.78,4.11,2.83375,Neutral
377,660,2.78,3.67,3.67,1.89,5,1.89,1.89,2.33,2.89,Neutral
378,987,4.56,5,3.67,4.11,3.67,1.89,4.11,3.67,3.835,Negative
379,534,4.56,2.78,3.67,2.78,1.44,3.22,5,4.11,3.445,Negative
380,858,4.56,2.78,2.78,1.89,1.44,1.44,3.67,3.67,2.77875,Neutral
381,324,5,2.78,2.78,1.44,1.44,2.78,3.67,3.22,2.88875,Neutral
382,884,3.67,2.33,3.67,5,2.78,1,3.67,2.33,3.05625,Negative
383,611,4.11,4.56,2.78,1.89,4.56,2.78,4.11,1.89,3.335,Negative
384,136,4.11,3.22,3.67,5,4.56,4.56,1.44,1.89,3.55625,Negative
385,705,4.56,1.89,3.22,1.89,1.89,2.78,1,1.44,2.33375,Neutral
386,991,3.67,2.33,2.78,4.11,4.56,4.11,2.78,1,3.1675,Negative
387,676,4.56,4.11,2.78,3.67,2.33,5,1.44,3.22,3.38875,Negative
388,769,4.56,4.11,4.11,4.11,1,1,4.11,2.78,3.2225,Negative
389,246,3.67,5,4.11,4.11,2.33,5,1.89,4.11,3.7775,Negative
390,644,4.56,3.22,4.11,1.44,3.67,3.22,2.33,3.22,3.22125,Negative
391,263,3.67,4.56,2.33,3.67,4.56,4.11,5,3.67,3.94625,Negative
392,476,4.56,2.33,3.22,2.33,4.11,3.22,2.33,5,3.3875,Negative
393,697,3.67,3.67,3.22,1,4.11,5,2.78,1.44,3.11125,Negative
394,95,3.67,1.44,2.78,2.78,4.56,3.22,4.11,1.89,3.05625,Negative
395,688,4.11,3.22,3.67,2.78,3.22,1,2.33,5,3.16625,Negative
396,633,4.11,1.44,2.33,3.67,2.33,3.22,3.67,2.33,2.8875,Neutral
397,241,4.11,1.89,4.11,4.11,5,1,4.11,3.22,3.44375,Negative
398,524,4.56,4.11,2.33,3.22,5,1,4.56,5,3.7225,Negative
399,504,4.56,2.33,2.78,3.22,3.22,1,3.67,5,3.2225,Negative
400,417,4.56,3.22,3.67,4.56,2.78,1,3.67,1.44,3.1125,Negative
401,554,3.22,3.22,4.11,1.44,2.33,3.22,2.33,5,3.10875,Negative
402,656,3.22,1.44,3.67,1.44,2.78,3.22,4.56,4.56,3.11125,Negative
403,19,5,2.33,3.22,1.89,4.56,5,4.56,1.89,3.55625,Negative
404,275,4.11,2.78,2.33,4.56,2.78,2.78,4.11,5,3.55625,Negative
405,478,2.78,5,3.67,3.22,4.11,3.67,1.89,4.56,3.6125,Negative
406,132,3.22,4.56,2.78,4.11,5,1.89,1.44,5,3.5,Negative
407,515,4.11,1.89,2.78,5,1.89,2.33,4.56,2.33,3.11125,Negative
408,44,4.11,4.56,2.78,1.89,3.22,4.56,2.33,4.56,3.50125,Negative
409,388,3.22,5,2.33,2.78,3.22,2.33,2.33,4.56,3.22125,Negative
410,204,4.11,3.67,3.22,1.89,1.89,5,1.89,3.22,3.11125,Negative
411,338,2.78,1.44,2.33,3.22,4.56,5,4.56,2.33,3.2775,Negative
412,619,4.11,3.67,3.22,2.33,1.89,4.56,1.89,4.11,3.2225,Negative
413,205,4.11,2.33,2.33,1.44,1,3.67,4.56,3.67,2.88875,Neutral
414,39,3.67,1.89,3.67,5,3.22,2.33,4.11,1.44,3.16625,Negative
415,53,2.78,4.11,2.78,1,5,4.11,2.78,3.67,3.27875,Negative
416,58,4.56,1.89,3.67,1,1.44,1.89,5,3.67,2.89,Neutral
417,157,4.56,3.22,4.11,1.44,4.11,2.33,2.33,1.89,2.99875,Neutral
418,28,4.11,3.22,3.22,4.56,4.56,4.56,2.33,3.67,3.77875,Negative
419,833,4.11,3.22,3.67,3.67,3.67,4.56,5,4.56,4.0575,Positive
420,252,4.11,4.56,2.33,3.22,5,1.44,3.67,2.78,3.38875,Negative
421,658,4.11,2.78,3.22,3.67,5,2.33,3.22,2.33,3.3325,Negative
422,179,3.22,1.89,3.67,3.22,1.44,3.22,2.78,1.44,2.61,Neutral
423,851,4.56,3.22,2.33,5,1.44,1,1.89,5,3.055,Negative
424,809,3.67,4.11,3.67,2.78,5,1.44,4.11,4.11,3.61125,Negative
425,330,3.67,3.67,2.78,3.67,4.56,5,1.44,1.44,3.27875,Negative
426,94,5,5,2.33,3.67,4.11,1.44,2.33,2.33,3.27625,Negative
427,826,5,2.78,3.67,1.44,4.11,3.67,5,2.78,3.55625,Negative
428,227,4.56,1.89,3.22,2.33,3.67,2.33,2.33,3.67,3,Negative
429,1000,4.56,4.11,2.78,2.33,5,3.67,3.67,5,3.89,Negative
430,114,5,4.56,3.67,1,4.11,2.33,2.33,1.44,3.055,Negative
431,251,2.78,4.56,3.22,4.56,3.22,2.33,2.78,1.44,3.11125,Negative
432,613,2.78,3.22,3.22,1.89,4.56,2.33,1.44,4.56,3,Negative
433,101,5,2.78,3.22,3.22,4.56,4.11,5,1.89,3.7225,Negative
434,871,3.67,4.11,3.67,5,5,3.67,1.44,1.44,3.5,Negative
435,551,3.22,1.89,2.78,3.67,1.89,1,4.56,5,3.00125,Negative
436,931,3.22,2.78,3.67,1.89,3.22,2.78,3.22,5,3.2225,Negative
437,49,4.11,3.67,4.11,4.11,1,1,4.11,1.89,3,Negative
438,512,2.78,5,3.67,4.56,4.56,4.56,3.22,4.56,4.11375,Positive
439,261,4.56,4.56,3.67,3.67,2.33,5,2.78,4.56,3.89125,Negative
440,754,3.22,4.56,2.33,2.33,1.89,5,1.44,5,3.22125,Negative
441,345,4.11,1.44,4.11,4.56,5,5,4.56,2.78,3.945,Negative
442,970,5,4.56,2.78,3.67,3.22,3.67,2.33,3.67,3.6125,Negative
443,990,3.22,4.56,3.22,2.33,4.56,2.78,5,4.11,3.7225,Negative
444,911,3.22,2.33,2.33,5,4.56,2.33,3.67,1.44,3.11,Negative
445,909,4.56,4.11,2.78,4.56,2.78,3.22,4.56,3.67,3.78,Negative
446,817,3.22,2.78,3.67,5,5,2.33,3.22,3.22,3.555,Negative
447,733,5,5,2.78,1,2.33,1,1.89,2.33,2.66625,Neutral
448,626,3.67,4.56,2.78,2.33,4.56,2.33,1.89,1,2.89,Neutral
449,292,3.67,4.56,4.11,1,2.78,2.33,3.67,2.33,3.05625,Negative
450,82,2.78,5,4.11,2.33,2.33,5,2.78,2.78,3.38875,Negative
451,355,5,4.11,2.78,3.22,2.78,5,1,4.11,3.5,Negative
452,948,4.56,2.78,2.33,3.67,4.56,1.89,2.78,3.67,3.28,Negative
453,341,4.56,2.33,2.33,2.33,3.67,2.78,2.78,4.11,3.11125,Negative
454,952,3.67,4.56,2.78,3.67,4.11,4.11,5,2.78,3.835,Negative
455,711,3.67,1.89,2.33,3.22,1.89,3.67,3.22,2.33,2.7775,Neutral
456,635,3.67,1.89,4.11,3.22,3.67,2.33,5,2.78,3.33375,Negative
457,850,2.78,4.11,3.67,2.33,4.11,3.67,4.11,3.22,3.5,Negative
458,716,3.22,1.89,3.67,4.56,1.44,1.89,1.89,3.22,2.7225,Neutral
459,627,5,1.44,2.33,1,3.22,2.78,4.56,2.78,2.88875,Neutral
460,661,3.22,5,2.33,1.89,4.11,1.44,3.67,3.22,3.11,Negative
461,877,4.11,4.56,2.33,2.78,5,5,5,1.44,3.7775,Negative
462,177,4.11,1.44,3.22,1.44,4.11,1,4.56,4.56,3.055,Negative
463,322,4.11,5,3.67,1.89,1.89,1.89,1,2.78,2.77875,Neutral
464,914,4.56,1.44,2.33,1.44,2.33,1.44,1.44,4.56,2.4425,Neutral
465,486,5,4.56,2.78,1,2.33,5,3.22,4.56,3.55625,Negative
466,723,3.22,5,2.78,1.89,5,1.89,3.22,2.33,3.16625,Negative
467,105,4.56,5,2.78,1,1.89,1,1,1.44,2.33375,Neutral
468,52,3.22,5,2.33,1,3.67,1.89,5,1.44,2.94375,Neutral
469,436,4.56,4.56,2.33,5,1,5,5,1.44,3.61125,Negative
470,829,3.22,4.56,2.78,1.89,1.44,1.44,5,4.56,3.11125,Negative
471,753,2.78,5,4.11,3.67,2.78,5,4.56,3.67,3.94625,Negative
472,130,3.67,4.56,2.78,4.56,1.89,1.44,2.78,2.33,3.00125,Negative
473,91,3.22,2.78,2.33,1.44,2.78,4.11,1.89,1.89,2.555,Neutral
474,590,5,1.89,2.33,2.33,4.56,4.56,3.22,1.44,3.16625,Negative
475,965,5,1.89,2.33,2.78,5,1.89,3.67,1.89,3.05625,Negative
476,99,4.11,4.56,3.22,1.44,1.44,1.89,5,3.22,3.11,Negative
477,912,3.67,5,3.67,5,1.44,3.67,2.78,3.67,3.6125,Negative
478,395,4.56,3.22,4.11,1.44,3.67,4.56,4.11,5,3.83375,Negative
479,923,3.22,1.89,2.78,3.22,4.56,2.33,5,1.89,3.11125,Negative
480,499,3.67,4.56,4.11,1.89,2.78,1,2.78,1.44,2.77875,Neutral
481,115,2.78,2.78,3.67,1,1.89,4.11,1,5,2.77875,Neutral
482,815,2.78,4.56,3.22,3.22,1.44,4.56,2.78,1.89,3.05625,Negative
483,570,5,5,3.22,4.11,4.56,1.44,4.11,5,4.055,Positive
484,825,4.56,3.67,4.11,1,1.89,1.44,4.56,1.89,2.89,Neutral
485,620,4.56,2.78,4.11,1.44,4.11,5,4.11,4.11,3.7775,Negative
486,175,5,4.56,4.11,1.44,1,3.22,3.67,1.44,3.055,Negative
487,358,2.78,3.67,2.33,1.89,1.89,5,1.89,2.33,2.7225,Neutral
488,191,3.67,2.33,2.78,1.44,2.78,5,2.33,3.67,3,Negative
489,492,3.22,2.78,4.11,5,1.89,4.11,1.89,1.44,3.055,Negative
490,529,4.56,3.22,3.22,1,2.33,5,1,3.67,3,Negative
491,389,2.78,2.78,4.11,3.22,1.44,1.89,2.78,3.67,2.83375,Neutral
492,878,3.22,2.78,4.11,2.33,5,1.89,4.56,5,3.61125,Negative
493,368,3.67,4.56,4.11,1.89,1.44,3.67,2.33,1,2.83375,Neutral
494,122,3.67,2.78,2.78,1.89,4.56,3.22,4.56,1.44,3.1125,Negative
495,332,4.56,1.44,3.67,1.44,4.11,3.67,2.33,5,3.2775,Negative
496,303,3.67,2.33,2.78,2.33,3.67,1.44,1,3.22,2.555,Neutral
497,336,4.11,5,2.33,2.78,3.22,3.67,1.44,1.89,3.055,Negative
498,588,3.22,3.22,2.33,5,5,5,1.89,4.56,3.7775,Negative
499,609,5,4.56,2.33,2.33,1,2.78,4.56,5,3.445,Negative
500,920,5,3.22,3.67,5,5,1.44,2.33,1.44,3.3875,Negative
501,370,4.56,2.33,3.67,5,1,5,1.44,3.67,3.33375,Negative
502,405,5,1.44,2.78,2.78,2.78,1,2.33,3.22,2.66625,Neutral
503,779,5,4.11,3.22,1.89,4.11,4.11,3.67,4.11,3.7775,Negative
504,962,5,3.22,2.33,2.78,1,3.67,1,5,3,Negative
505,268,5,3.22,2.78,4.56,4.56,1,4.11,3.22,3.55625,Negative
506,625,5,3.67,3.22,3.67,4.56,3.22,1.89,1.89,3.39,Negative
507,217,4.11,4.56,4.11,1.89,4.11,2.78,2.78,2.78,3.39,Negative
508,479,5,5,2.33,3.22,2.78,4.56,1.44,1.89,3.2775,Negative
509,500,4.56,2.78,4.11,2.33,1.44,1.44,2.78,1,2.555,Neutral
510,409,4.11,4.56,3.67,1.89,5,2.33,3.22,1,3.2225,Negative
511,546,3.67,3.67,2.78,1,4.56,4.11,1,1,2.72375,Neutral
512,967,2.78,2.78,4.11,4.11,1,4.56,4.11,2.78,3.27875,Negative
513,343,4.11,2.33,3.67,1,5,4.11,1.44,3.22,3.11,Negative
514,639,3.67,2.33,3.67,3.67,3.22,5,2.78,3.67,3.50125,Negative
515,402,3.22,4.11,3.22,4.56,2.33,4.11,2.78,3.67,3.5,Negative
516,617,2.78,3.67,2.78,2.33,3.67,1,5,3.22,3.05625,Negative
517,349,3.22,4.11,4.11,1.44,4.56,4.56,1.44,4.11,3.44375,Negative
518,994,4.11,2.78,2.78,1.44,2.78,2.78,4.56,2.78,3.00125,Negative
519,279,2.78,5,3.67,1,2.33,2.33,4.56,2.33,3,Negative
520,926,5,3.67,2.78,1,1,3.22,3.22,1,2.61125,Neutral
521,816,5,4.11,2.78,4.56,1.44,3.67,4.56,1.89,3.50125,Negative
522,765,4.11,3.67,4.11,2.78,3.67,3.67,3.67,3.67,3.66875,Negative
523,160,5,3.22,2.78,2.33,1.44,5,2.33,3.67,3.22125,Negative
524,606,4.11,1.89,4.11,1,3.22,2.33,4.11,4.56,3.16625,Negative
525,602,2.78,1.89,3.22,1.44,4.11,5,1.89,1,2.66625,Neutral
526,893,5,3.22,4.11,1,1,5,1,1.89,2.7775,Neutral
527,810,4.56,3.22,3.67,1.89,2.78,4.56,5,2.78,3.5575,Negative
528,802,4.11,1.44,3.22,3.22,1.89,4.11,3.67,3.67,3.16625,Negative
529,162,3.22,1.44,2.78,1.44,5,1.44,4.11,4.11,2.9425,Neutral
530,449,2.78,3.67,4.11,4.56,1.89,1.44,3.67,5,3.39,Negative
531,463,3.67,4.11,3.67,4.11,1,2.33,2.33,1,2.7775,Neutral
532,41,2.78,1.89,2.78,4.56,1.89,1,4.11,4.11,2.89,Neutral
533,838,3.22,1.89,3.22,4.11,3.67,1,4.11,4.11,3.16625,Negative
534,703,5,3.67,4.11,1.89,2.33,3.67,4.56,4.11,3.6675,Negative
535,490,4.56,1.44,3.22,5,4.56,4.11,1.44,2.33,3.3325,Negative
536,906,3.67,3.67,4.11,2.33,2.78,1.44,2.33,2.78,2.88875,Neutral
537,174,3.67,1.89,3.22,3.67,5,5,1.44,1.89,3.2225,Negative
538,4,2.78,4.11,2.78,3.67,5,3.67,1.89,1,3.1125,Negative
539,161,3.22,3.67,4.11,1.89,2.78,5,3.22,2.33,3.2775,Negative
540,31,2.78,2.33,2.78,4.56,4.56,1.44,2.33,1,2.7225,Neutral
541,623,3.22,2.33,3.22,3.22,5,5,1.89,4.56,3.555,Negative
542,818,5,2.78,2.33,4.56,1.44,3.22,1.44,3.22,2.99875,Neutral
543,60,2.78,3.22,2.78,1.89,1,3.67,2.78,1.89,2.50125,Neutral
544,384,3.22,1.44,3.67,4.56,2.33,2.33,1.44,4.11,2.8875,Neutral
545,971,3.67,3.22,3.67,2.33,3.22,3.22,3.67,4.56,3.445,Negative
546,427,3.67,1.89,3.67,1.44,4.56,4.11,4.11,3.67,3.39,Negative
547,431,5,4.56,2.33,1.89,1.89,4.56,2.33,1,2.945,Neutral
548,408,3.22,2.78,2.33,3.67,1,4.11,3.22,3.67,3,Negative
549,577,5,3.67,2.33,5,3.67,1.44,2.78,1,3.11125,Negative
550,803,3.22,5,4.11,2.78,3.22,2.78,3.22,3.67,3.5,Negative
551,273,4.56,1.89,3.67,1,2.78,1.89,4.11,2.33,2.77875,Neutral
552,371,3.22,1.89,2.33,4.56,2.33,5,2.33,5,3.3325,Negative
553,999,3.22,3.67,4.11,4.11,4.56,4.56,4.56,2.78,3.94625,Negative
554,595,5,2.78,2.78,2.33,5,2.33,2.33,2.33,3.11,Negative
555,63,4.11,4.11,3.67,2.33,2.33,2.33,4.11,1.44,3.05375,Negative
556,899,2.78,2.33,3.67,3.67,1.44,3.22,1,1,2.38875,Neutral
557,0,3.67,2.33,4.11,1.44,1,2.33,4.11,1.89,2.61,Neutral
558,796,3.67,4.56,3.22,1.44,3.67,3.67,3.22,4.11,3.445,Negative
559,181,5,5,2.33,1.44,1,2.78,1.89,1,2.555,Neutral
560,290,3.22,3.67,3.22,2.33,1.44,4.11,4.56,3.67,3.2775,Negative
561,373,3.22,2.33,4.11,5,2.78,1.89,5,5,3.66625,Negative
562,285,3.22,5,2.78,3.67,1.89,1.89,2.78,1,2.77875,Neutral
563,882,3.22,1.89,2.33,1,3.67,2.78,2.33,1.44,2.3325,Neutral
564,776,4.11,1.89,3.67,3.22,1.89,3.67,3.22,3.67,3.1675,Negative
565,935,5,4.56,3.67,1.44,4.11,1.44,1,1.44,2.8325,Neutral
566,679,5,3.22,2.33,2.78,5,4.56,3.22,3.67,3.7225,Negative
567,102,3.67,2.33,3.22,1.89,2.78,3.67,2.78,2.78,2.89,Neutral
568,618,2.78,4.11,3.22,4.56,1.89,4.11,3.67,4.56,3.6125,Negative
569,607,4.11,2.33,2.33,5,5,4.11,1.89,3.67,3.555,Negative
570,743,4.56,3.67,3.67,5,1,2.78,2.78,5,3.5575,Negative
571,682,4.11,2.78,4.11,4.56,1.44,5,1.89,2.33,3.2775,Negative
572,16,2.78,1.89,3.22,3.22,2.78,4.11,4.11,1.44,2.94375,Neutral
573,969,4.11,3.22,4.11,5,1.44,1,1.89,1.44,2.77625,Neutral
574,46,4.11,2.33,2.33,4.56,2.78,3.67,2.33,4.11,3.2775,Negative
575,706,3.22,4.11,3.67,4.56,4.11,3.22,2.33,1,3.2775,Negative
576,993,4.56,4.56,2.33,1,2.78,1.44,4.56,4.56,3.22375,Negative
577,508,5,3.22,2.78,4.11,4.11,2.78,3.67,5,3.83375,Negative
578,989,4.11,2.33,2.78,2.33,4.11,3.22,3.67,1.89,3.055,Negative
579,133,5,2.33,3.67,1.89,2.78,2.33,2.33,2.78,2.88875,Neutral
580,15,4.11,4.56,4.11,1.89,3.22,5,1.44,1.89,3.2775,Negative
581,78,5,4.56,3.22,4.11,5,3.67,3.67,4.11,4.1675,Positive
582,433,3.22,3.22,4.11,2.33,4.11,4.56,2.33,1,3.11,Negative
583,784,3.67,3.67,2.33,1.89,3.67,4.11,3.22,5,3.445,Negative
584,983,2.78,1.44,2.33,1,4.56,2.33,1.89,1.44,2.22125,Neutral
585,197,4.56,1.89,2.78,4.56,4.11,1.44,2.33,5,3.33375,Negative
586,483,4.11,1.44,3.22,1.44,5,1.44,1.44,2.78,2.60875,Neutral
587,376,2.78,2.78,2.78,4.11,4.11,2.33,3.22,5,3.38875,Negative
588,915,5,3.67,2.33,3.22,4.56,2.33,4.56,2.78,3.55625,Negative
589,210,3.22,2.78,3.67,4.56,2.78,1,1.44,2.33,2.7225,Neutral
590,20,4.11,2.33,2.78,1,5,5,3.67,2.78,3.33375,Negative
591,425,2.78,4.56,4.11,1,5,4.11,5,5,3.945,Negative
592,668,3.22,1.89,3.22,1,1.44,5,4.56,1.89,2.7775,Neutral
593,54,3.67,1.44,2.78,1,2.78,1.89,1,1.89,2.05625,Neutral
594,950,3.67,1.44,3.67,5,2.78,1.89,2.33,3.67,3.05625,Negative
595,782,3.22,3.67,2.33,1.44,1.44,1,1.89,4.11,2.3875,Neutral
596,108,2.78,2.78,3.67,2.78,5,3.67,1.89,4.56,3.39125,Negative
597,400,4.56,2.33,2.78,2.78,4.11,5,3.22,5,3.7225,Negative
598,685,5,4.56,3.67,1.89,1,3.22,3.22,2.33,3.11125,Negative
599,673,4.56,1.89,2.33,2.33,3.67,4.56,4.11,2.33,3.2225,Negative
600,198,3.22,3.67,3.67,3.67,1.89,2.78,2.33,1.89,2.89,Neutral
601,14,2.78,2.78,4.11,4.56,3.67,2.78,1.44,1,2.89,Neutral
602,172,3.22,2.78,4.11,1.89,2.33,1.89,5,1.89,2.88875,Neutral
603,359,2.78,3.22,3.67,3.22,4.56,2.78,1,2.78,3.00125,Negative
604,714,5,2.78,2.78,2.78,3.67,2.78,3.67,4.56,3.5025,Negative
605,785,3.67,3.22,3.67,1,3.67,2.78,2.78,4.56,3.16875,Negative
606,865,4.11,2.33,3.22,1.44,3.67,2.78,1.44,3.67,2.8325,Neutral
607,662,5,3.22,2.33,2.78,1,4.56,3.22,1.89,3,Negative
608,513,4.56,5,3.67,3.67,4.56,1.44,5,1,3.6125,Negative
609,722,3.67,5,2.78,2.78,2.33,4.56,3.22,3.67,3.50125,Negative
610,8,3.22,3.67,3.22,5,3.22,4.56,4.56,5,4.05625,Positive
611,873,5,5,2.33,2.78,4.56,5,1.44,2.78,3.61125,Negative
612,684,5,1.89,3.67,2.33,2.33,2.78,1,5,3,Negative
613,73,3.67,1.44,2.78,3.22,1.89,1,1,2.33,2.16625,Neutral
614,900,4.56,4.11,2.78,4.11,2.33,3.22,4.56,3.67,3.6675,Negative
615,933,3.22,4.56,2.33,4.11,3.67,5,1.89,2.78,3.445,Negative
616,634,3.22,3.67,3.22,3.22,1,3.22,1.89,4.11,2.94375,Neutral
617,835,4.11,1.44,3.67,4.11,1.89,2.33,1.89,2.33,2.72125,Neutral
618,422,4.56,4.11,2.33,2.33,4.11,1.89,2.33,5,3.3325,Negative
619,235,3.22,1.44,4.11,4.11,3.22,1.89,1.89,1,2.61,Neutral
620,286,5,1.89,3.67,5,4.11,4.11,2.33,4.56,3.83375,Negative
621,129,3.67,1.89,2.33,4.56,1,2.33,2.33,4.56,2.83375,Neutral
622,443,3.67,4.56,4.11,1.44,2.33,2.78,1,2.78,2.83375,Neutral
623,301,5,3.67,3.67,2.33,1.89,2.33,4.56,1.44,3.11125,Negative
624,532,5,1.44,2.33,1.44,1.44,3.22,5,4.56,3.05375,Negative
625,64,3.22,1.44,4.11,1,4.11,2.33,4.11,2.33,2.83125,Neutral
626,860,5,4.11,2.33,1.89,3.67,1,2.33,2.78,2.88875,Neutral
627,559,4.11,2.33,2.33,3.22,2.78,2.78,1,3.67,2.7775,Neutral
628,311,3.67,2.78,3.22,4.11,2.33,4.56,4.11,4.56,3.6675,Negative
629,32,4.56,1.89,3.67,3.67,3.22,1,4.56,1.44,3.00125,Negative
630,296,5,3.67,2.33,1.44,1.44,5,5,4.11,3.49875,Negative
631,419,5,1.44,2.78,4.11,2.78,1.89,1.89,5,3.11125,Negative
632,83,5,3.22,3.22,1,4.11,1,1.89,4.56,3,Negative
633,594,3.67,1.44,3.67,3.22,3.67,1.44,1.89,3.22,2.7775,Neutral
634,501,2.78,1.44,4.11,2.33,3.67,3.22,5,2.33,3.11,Negative
635,411,4.11,2.33,2.33,2.33,4.11,2.33,1.89,1,2.55375,Neutral
636,824,5,3.67,3.67,4.56,2.33,4.56,4.56,4.11,4.0575,Positive
637,585,3.67,3.22,4.11,1.44,2.33,3.67,5,4.56,3.5,Negative
638,848,4.56,4.56,3.22,1,4.56,1.44,4.11,3.22,3.33375,Negative
639,299,5,4.11,2.78,2.78,2.33,1.89,1,4.56,3.05625,Negative
640,107,4.56,2.33,4.11,3.22,5,2.33,2.78,4.56,3.61125,Negative
641,119,4.56,5,2.78,1,4.56,3.22,3.67,3.22,3.50125,Negative
642,335,2.78,1.89,2.33,1.44,4.11,2.33,3.67,3.22,2.72125,Neutral
643,557,2.78,2.78,4.11,1.44,2.33,5,3.22,1,2.8325,Neutral
644,113,2.78,3.22,3.67,1,5,3.22,2.33,3.67,3.11125,Negative
645,281,2.78,3.22,3.22,1.89,2.33,1,1,1,2.055,Neutral
646,836,4.56,1.89,2.33,3.22,3.22,1.89,1.44,3.67,2.7775,Neutral
647,426,4.56,4.11,3.67,4.11,5,3.22,4.56,4.11,4.1675,Positive
648,42,4.11,1.44,2.33,3.22,3.22,3.67,1.89,1,2.61,Neutral
649,567,4.56,1.89,4.11,1,2.33,4.56,5,4.56,3.50125,Negative
650,589,2.78,4.11,3.67,2.78,3.22,3.67,4.11,4.56,3.6125,Negative
651,187,2.78,2.78,3.22,1.44,3.22,1,4.11,2.78,2.66625,Neutral
652,615,2.78,3.22,3.67,4.56,1,1,1,2.78,2.50125,Neutral
653,556,4.56,4.56,2.78,2.78,1,1.89,3.22,5,3.22375,Negative
654,3,4.56,3.22,2.78,4.56,5,2.78,2.78,2.33,3.50125,Negative
655,667,4.56,4.56,3.22,1.44,1,1.89,5,1.44,2.88875,Neutral
656,234,3.67,1.44,2.33,2.78,1,4.11,3.67,1.44,2.555,Neutral
657,96,3.22,3.22,2.78,5,4.11,5,2.78,1.44,3.44375,Negative
658,691,3.67,3.67,4.11,4.11,2.78,2.33,4.11,1.44,3.2775,Negative
659,269,4.56,5,3.22,5,5,1,4.56,5,4.1675,Positive
660,566,4.11,5,3.22,5,3.67,3.22,3.22,1,3.555,Negative
661,985,2.78,2.78,2.33,4.11,3.67,3.22,3.67,1.89,3.05625,Negative
662,437,3.67,1.44,3.22,3.67,2.78,4.11,1,4.11,3,Negative
663,200,4.11,2.33,4.11,3.22,4.11,2.33,3.67,1,3.11,Negative
664,291,5,1.89,3.67,4.11,1.44,5,1.89,1.89,3.11125,Negative
665,612,4.11,4.56,4.11,3.67,1,1.44,4.11,2.33,3.16625,Negative
666,448,3.22,3.67,3.67,4.56,1.44,4.56,1.44,2.78,3.1675,Negative
667,439,3.22,4.11,3.67,3.67,3.67,2.33,2.78,2.33,3.2225,Negative
668,573,2.78,2.78,2.78,4.11,4.11,4.56,4.11,1.44,3.33375,Negative
669,7,2.78,4.11,2.78,3.22,1.44,5,2.33,4.11,3.22125,Negative
670,725,2.78,5,4.11,2.33,1.89,2.78,1,3.22,2.88875,Neutral
671,50,4.56,4.11,3.22,3.67,1,3.22,3.67,2.33,3.2225,Negative
672,423,3.67,4.56,2.78,5,5,3.67,3.67,1.89,3.78,Negative
673,140,3.67,5,3.22,4.11,3.22,5,4.56,3.22,4,Negative
674,135,4.11,4.56,3.67,1.89,3.22,5,1.44,4.56,3.55625,Negative
675,786,2.78,2.33,3.67,2.78,2.78,3.22,3.67,1,2.77875,Neutral
676,601,4.11,4.56,2.33,2.78,2.33,1.89,1,5,3,Negative
677,493,4.56,2.33,2.33,4.56,2.33,1.89,3.22,3.67,3.11125,Negative
678,553,3.67,1.44,2.33,3.67,1.89,2.78,1,1.89,2.33375,Neutral
679,27,3.67,1.89,2.78,2.78,2.78,1,4.11,3.22,2.77875,Neutral
680,257,4.11,2.78,3.22,2.33,2.33,1,2.78,2.33,2.61,Neutral
681,225,5,2.33,2.78,4.56,1.89,3.22,4.56,2.33,3.33375,Negative
682,788,3.22,2.78,3.22,1.89,5,2.33,1.89,4.11,3.055,Negative
683,37,4.11,4.56,2.78,1.89,2.33,1.89,2.78,1.44,2.7225,Neutral
684,170,2.78,5,3.67,1.44,4.11,2.78,4.56,2.78,3.39,Negative
685,528,4.56,1.44,2.78,1.44,3.22,2.78,1,3.22,2.555,Neutral
686,600,3.67,4.11,3.22,5,3.22,3.67,3.67,3.22,3.7225,Negative
687,655,3.67,4.11,2.78,2.33,1,3.22,3.22,4.11,3.055,Negative
688,74,4.11,4.11,3.22,1,1.44,2.78,1.44,3.22,2.665,Neutral
689,505,4.56,3.22,4.11,2.78,4.11,2.33,3.67,3.22,3.5,Negative
690,377,2.78,2.78,3.67,1.89,4.56,3.22,1,2.33,2.77875,Neutral
691,808,4.11,3.22,2.33,2.78,1,4.11,4.11,1.89,2.94375,Neutral
692,366,4.56,4.56,4.11,1.44,1,5,2.78,1.44,3.11125,Negative
693,238,4.11,3.67,2.78,5,5,4.56,3.67,5,4.22375,Positive
694,255,4.56,5,3.67,5,1.89,1.44,3.67,4.11,3.6675,Negative
695,123,5,1.44,2.33,2.78,4.56,4.11,1.89,2.78,3.11125,Negative
696,663,3.22,1.44,4.11,1.44,2.78,3.67,2.78,3.67,2.88875,Neutral
697,876,3.22,3.67,2.33,2.33,4.56,1.44,2.78,4.56,3.11125,Negative
698,690,2.78,5,4.11,2.33,1.44,3.67,4.56,3.22,3.38875,Negative
699,309,2.78,4.11,2.33,4.56,1.44,1,2.33,2.78,2.66625,Neutral
700,693,3.67,4.56,4.11,1,2.78,5,1.89,3.67,3.335,Negative
701,226,3.67,3.22,4.11,4.11,4.11,2.78,4.11,4.11,3.7775,Negative
702,951,5,5,3.67,5,2.78,4.56,3.67,1,3.835,Negative
703,260,4.56,1.89,3.67,2.33,3.67,1.44,4.11,1.89,2.945,Neutral
704,243,4.56,4.11,4.11,4.11,2.33,5,4.11,4.56,4.11125,Positive
705,222,2.78,2.33,2.33,1.44,3.67,4.56,2.78,1.89,2.7225,Neutral
706,314,2.78,5,3.22,4.11,3.22,3.22,5,2.33,3.61,Negative
707,229,3.67,3.22,4.11,1.44,1.44,5,4.11,4.11,3.3875,Negative
708,85,2.78,3.22,4.11,4.56,1.89,2.33,2.33,2.33,2.94375,Neutral
709,76,4.11,4.56,4.11,3.22,1.89,5,3.67,1.44,3.5,Negative
710,887,3.22,4.56,2.78,4.11,4.56,3.67,3.22,1.44,3.445,Negative
711,582,4.11,2.33,3.67,4.11,1,2.78,4.56,1.89,3.05625,Negative
712,674,4.11,2.78,3.22,4.11,3.67,5,1.44,3.67,3.5,Negative
713,986,3.67,1.44,3.22,1.44,2.33,3.67,5,3.67,3.055,Negative
714,511,4.11,2.33,2.33,2.78,1.44,5,5,3.22,3.27625,Negative
715,879,3.22,5,2.78,5,4.56,2.78,2.78,2.33,3.55625,Negative
716,401,4.11,5,3.67,1.44,4.11,5,4.11,4.56,4,Negative
717,514,3.22,3.22,3.67,5,3.67,3.67,3.22,1.89,3.445,Negative
718,750,5,1.89,4.11,1,2.78,1,1.89,2.78,2.55625,Neutral
719,156,3.67,2.33,3.67,4.56,5,4.11,2.78,4.11,3.77875,Negative
720,775,2.78,3.22,3.67,1.44,2.78,2.33,1,2.33,2.44375,Neutral
721,329,4.56,4.11,4.11,2.78,1.89,1.89,5,4.11,3.55625,Negative
722,467,4.11,5,2.78,3.67,3.67,1,1.89,3.22,3.1675,Negative
723,178,3.67,3.67,2.33,3.67,1,1.44,1,1.44,2.2775,Neutral
724,549,2.78,1.89,3.67,3.22,4.11,4.11,2.78,2.78,3.1675,Negative
725,453,4.11,2.33,2.33,2.33,1.44,4.11,1,2.33,2.4975,Neutral
726,307,3.22,4.56,2.78,1,3.22,2.78,1.89,2.78,2.77875,Neutral
727,472,3.22,4.11,3.67,3.67,4.56,4.56,1.44,1.89,3.39,Negative
728,392,3.67,3.67,2.33,4.56,3.67,5,4.11,2.33,3.6675,Negative
729,65,3.22,2.33,2.33,3.22,1.89,5,4.11,1.89,2.99875,Neutral
730,575,4.56,2.33,3.67,3.67,1,1,2.78,1,2.50125,Neutral
731,855,4.11,1.89,3.22,2.33,1,1,4.56,3.67,2.7225,Neutral
732,791,2.78,4.56,2.33,2.33,1,2.33,5,4.56,3.11125,Negative
733,391,2.78,1.89,3.67,3.22,3.67,3.22,4.56,2.33,3.1675,Negative
734,973,3.22,1.89,2.33,3.22,2.33,3.22,3.22,4.56,2.99875,Neutral
735,828,4.11,1.89,2.78,1.44,4.56,2.78,3.22,1.89,2.83375,Neutral
736,247,3.22,4.56,3.22,2.78,1.44,1.44,1.89,3.67,2.7775,Neutral
737,412,4.56,1.44,2.78,4.11,3.67,1.44,5,2.33,3.16625,Negative
738,67,3.67,4.56,2.33,1.89,4.56,1,1,1.44,2.55625,Neutral
739,289,2.78,1.44,2.78,4.11,4.56,1.44,3.67,1.44,2.7775,Neutral
740,399,5,3.22,2.33,4.11,3.22,2.78,5,2.33,3.49875,Negative
741,138,4.11,2.78,4.11,4.11,5,2.33,1.44,3.22,3.3875,Negative
742,537,5,3.22,2.33,4.56,4.56,2.78,3.67,2.78,3.6125,Negative
743,265,2.78,4.56,3.67,3.22,2.78,3.22,2.78,1.89,3.1125,Negative
744,724,2.78,1.44,3.22,1,3.67,1.89,1.89,1,2.11125,Neutral
745,653,2.78,3.22,2.78,3.22,3.22,1.89,4.56,1.44,2.88875,Neutral
746,318,3.22,4.11,2.78,5,3.22,3.67,5,4.11,3.88875,Negative
747,232,3.22,4.11,2.78,2.78,1,1,3.67,4.11,2.83375,Neutral
748,21,4.56,3.67,2.78,1.89,3.22,3.22,1,3.22,2.945,Neutral
749,998,4.56,3.67,2.78,1,1.44,1.44,1,5,2.61125,Neutral
750,694,4.56,4.11,4.11,5,3.67,3.67,3.67,1.44,3.77875,Negative
751,927,3.22,1.44,3.22,1.44,5,1.89,3.22,2.33,2.72,Neutral
752,348,3.67,4.56,2.78,3.22,2.78,2.78,4.11,3.22,3.39,Negative
753,968,3.22,3.67,3.22,1.89,4.11,1,4.56,1.89,2.945,Neutral
754,992,5,3.22,2.33,1.89,4.11,3.22,5,1.89,3.3325,Negative
755,764,4.56,1.89,3.67,3.22,1.89,4.11,5,1.44,3.2225,Negative
756,587,2.78,2.33,4.11,1.44,1.44,1.44,2.33,5,2.60875,Neutral
757,944,5,4.11,3.22,4.11,4.11,3.67,4.56,3.22,4,Negative
758,239,2.78,5,2.33,1.89,1.44,3.67,2.33,2.33,2.72125,Neutral
759,886,3.67,3.67,2.78,2.78,5,1,4.56,4.56,3.5025,Negative
760,23,4.56,3.67,2.33,1.44,1,1.44,4.56,1.89,2.61125,Neutral
761,458,3.22,1.44,2.33,3.22,3.22,5,2.33,1,2.72,Neutral
762,822,3.22,1.44,3.67,1,2.78,2.33,1,5,2.555,Neutral
763,413,3.67,5,2.33,1.44,1.89,1,5,1,2.66625,Neutral
764,563,3.67,2.33,4.11,4.11,3.67,1.89,1.89,5,3.33375,Negative
765,331,4.11,4.11,3.67,2.78,5,2.33,3.67,2.78,3.55625,Negative
766,434,3.67,3.67,3.67,3.22,1,4.11,4.56,3.22,3.39,Negative
767,456,5,2.33,4.11,3.22,2.78,1,5,1,3.055,Negative
768,430,4.56,3.22,2.33,4.56,4.11,3.22,2.33,1.89,3.2775,Negative
769,896,3.22,4.11,3.67,2.78,2.33,2.33,2.78,2.78,3,Negative
770,451,4.56,1.89,3.22,5,3.67,4.11,4.56,5,4.00125,Positive
771,477,2.78,1.44,2.78,3.22,5,3.22,5,4.11,3.44375,Negative
772,9,3.67,2.78,2.33,2.78,1,1.89,2.78,3.22,2.55625,Neutral
773,325,3.67,2.78,3.67,3.22,1,2.78,4.11,3.22,3.05625,Negative
774,812,4.56,2.78,2.33,2.33,1.44,2.33,1.44,3.22,2.55375,Neutral
775,727,3.67,1.44,3.22,2.33,1.44,5,4.56,2.78,3.055,Negative
776,928,3.22,3.67,3.22,4.56,2.33,4.11,2.78,4.11,3.5,Negative
777,134,4.56,4.56,3.67,2.33,3.67,5,4.11,1.89,3.72375,Negative
778,819,3.22,3.67,4.11,4.11,4.56,5,1.44,1.44,3.44375,Negative
779,230,3.67,1.44,4.11,1.44,3.22,1,4.56,1.44,2.61,Neutral
780,520,4.56,1.89,2.78,3.22,3.67,5,5,1.89,3.50125,Negative
781,326,3.67,5,4.11,4.11,3.22,2.33,4.56,3.67,3.83375,Negative
782,142,3.22,4.11,2.33,5,4.11,2.78,4.11,3.22,3.61,Negative
783,491,2.78,2.33,4.11,3.22,1,1.89,2.33,2.33,2.49875,Neutral
784,379,3.67,2.78,3.22,1.44,4.56,3.67,1.89,5,3.27875,Negative
785,465,2.78,1.44,4.11,4.11,3.22,4.11,1.44,2.33,2.9425,Neutral
786,756,3.22,3.67,3.67,1.89,1.44,3.22,4.56,3.67,3.1675,Negative
787,347,3.22,4.11,3.67,1.89,2.78,1,1.44,4.11,2.7775,Neutral
788,237,5,2.33,2.78,4.11,3.67,4.11,1.44,4.11,3.44375,Negative
789,642,2.78,3.67,3.22,4.11,4.56,3.22,3.22,3.67,3.55625,Negative
790,506,4.56,3.67,2.33,1,2.78,3.67,2.78,1,2.72375,Neutral
791,646,3.67,4.11,2.78,2.33,3.67,4.11,4.11,4.11,3.61125,Negative
792,382,5,5,3.67,2.78,1.44,1.89,3.22,1.89,3.11125,Negative
793,256,3.22,3.67,2.33,2.78,4.56,4.11,3.22,2.78,3.33375,Negative
794,327,4.11,4.11,2.78,5,1.44,1,5,2.78,3.2775,Negative
795,624,3.67,1.89,3.67,5,1.44,1,4.11,4.11,3.11125,Negative
796,155,4.11,4.11,4.11,5,1.89,4.56,3.67,1.89,3.6675,Negative
797,578,4.11,5,3.67,2.33,2.78,4.11,3.67,3.22,3.61125,Negative
798,640,5,4.56,2.33,5,1.44,2.33,1.89,1,2.94375,Neutral
799,997,4.56,4.11,4.11,3.22,4.11,1.89,1.89,5,3.61125,Negative
800,242,3.67,4.56,2.78,2.33,2.78,4.56,1,2.33,3.00125,Negative
801,344,3.67,3.22,4.11,4.56,4.11,1.89,4.11,2.78,3.55625,Negative
802,699,4.56,2.78,2.33,4.11,2.33,1.44,1.44,4.11,2.8875,Neutral
803,77,4.56,2.33,2.78,4.56,1.44,1,2.78,5,3.05625,Negative
804,821,4.11,4.56,2.78,2.78,4.11,4.56,2.33,4.56,3.72375,Negative
805,903,4.56,4.11,4.11,4.11,2.33,4.11,2.33,1,3.3325,Negative
806,540,4.56,5,3.67,1.89,1.44,2.33,2.33,2.78,3,Negative
807,596,2.78,4.11,3.67,3.67,1,1.44,5,1.89,2.945,Neutral
808,169,4.11,1.44,3.22,1.89,1.89,3.22,4.56,1.89,2.7775,Neutral
809,526,4.56,2.78,2.78,2.78,1.44,3.22,2.33,4.56,3.05625,Negative
810,361,3.67,1.44,3.22,2.33,2.78,3.67,4.11,1.89,2.88875,Neutral
811,917,4.11,3.22,2.78,1.89,3.67,2.78,2.33,4.11,3.11125,Negative
812,342,2.78,4.56,4.11,1,4.56,4.11,3.67,5,3.72375,Negative
813,599,2.78,1.44,2.33,4.11,2.33,4.11,4.56,2.78,3.055,Negative
814,875,2.78,2.33,3.67,1.89,2.78,3.22,2.33,2.78,2.7225,Neutral
815,745,2.78,4.56,2.78,5,4.11,1.44,4.56,1,3.27875,Negative
816,131,4.56,2.33,4.11,1.44,3.67,2.78,1.44,5,3.16625,Negative
817,143,3.22,3.22,3.67,4.11,5,1.89,1.89,4.56,3.445,Negative
818,666,5,2.78,3.22,4.11,1,1.44,3.67,3.67,3.11125,Negative
819,104,4.11,2.78,2.33,1.44,3.67,4.56,2.33,2.33,2.94375,Neutral
820,964,4.11,2.78,2.78,1.89,5,2.78,2.78,1.89,3.00125,Negative
821,208,4.11,3.67,2.78,3.67,1.44,1.89,1.44,4.11,2.88875,Neutral
822,774,3.67,5,2.78,2.33,3.22,5,4.56,3.22,3.7225,Negative
823,346,5,3.67,2.33,4.56,1.89,1.44,5,4.11,3.5,Negative
824,97,3.67,4.11,3.67,4.56,3.22,1.89,5,3.67,3.72375,Negative
825,306,4.56,5,2.33,1,1.89,1.89,1.44,2.78,2.61125,Neutral
826,18,4.56,3.22,3.22,1,2.78,4.11,2.33,5,3.2775,Negative
827,284,2.78,3.67,3.22,1.89,5,1.89,4.11,3.22,3.2225,Negative
828,173,2.78,3.67,2.78,5,5,5,1.89,5,3.89,Negative
829,558,3.67,4.56,2.78,2.78,4.56,3.67,1.89,2.78,3.33625,Negative
830,51,3.67,1.44,3.22,1.44,4.11,1.44,5,1.44,2.72,Neutral
831,357,2.78,4.11,3.67,2.78,2.33,1,4.11,4.11,3.11125,Negative
832,692,4.11,4.11,3.22,4.56,2.78,4.11,3.67,5,3.945,Negative
833,26,4.11,1.44,3.22,5,4.56,4.56,2.33,2.78,3.5,Negative
834,386,4.56,2.78,2.78,2.33,3.22,2.78,3.67,3.67,3.22375,Negative
835,287,2.78,4.56,2.78,2.78,5,4.11,2.33,5,3.6675,Negative
836,974,4.11,5,2.33,1.44,2.33,4.56,4.11,3.67,3.44375,Negative
837,683,3.22,4.56,2.33,4.11,2.78,2.78,1,5,3.2225,Negative
838,374,3.22,4.56,2.33,3.22,1.44,3.22,3.67,4.11,3.22125,Negative
839,278,5,4.11,3.67,4.11,3.22,3.67,4.11,1,3.61125,Negative
840,367,5,2.33,4.11,1.89,1.89,4.56,2.78,3.67,3.27875,Negative
841,800,3.67,2.33,2.78,1.44,1,3.22,1.89,4.56,2.61125,Neutral
842,11,4.56,2.78,3.22,4.11,2.78,3.22,3.67,3.67,3.50125,Negative
843,310,2.78,4.11,2.78,4.56,2.33,2.33,4.56,5,3.55625,Negative
844,910,2.78,4.11,3.67,5,4.11,1.44,2.33,4.11,3.44375,Negative
845,440,2.78,3.67,4.11,4.56,3.67,1,4.11,5,3.6125,Negative
846,441,3.67,4.11,2.78,1.89,1,4.11,3.22,4.11,3.11125,Negative
847,146,4.11,3.67,2.78,3.22,4.56,1.44,4.56,5,3.6675,Negative
848,614,4.11,1.44,3.22,3.67,4.11,3.22,3.22,2.78,3.22125,Negative
849,262,5,2.78,2.33,4.56,3.22,4.56,4.56,1.89,3.6125,Negative
850,34,4.56,3.67,4.11,4.56,4.11,1.44,4.11,4.56,3.89,Negative
851,407,4.56,4.11,4.11,3.22,1.44,4.56,3.22,2.33,3.44375,Negative
852,564,2.78,5,2.78,3.22,4.11,2.78,1.89,1,2.945,Neutral
853,538,4.11,3.67,2.33,3.22,5,2.78,1.44,4.56,3.38875,Negative
854,748,2.78,4.11,3.22,1,5,1.44,2.33,4.56,3.055,Negative
855,675,4.11,3.67,4.11,4.56,4.11,3.22,1.44,4.11,3.66625,Negative
856,224,5,3.67,3.67,3.22,1.44,1,3.67,4.56,3.27875,Negative
857,10,4.11,1.89,3.67,2.33,1.89,3.22,2.33,1,2.555,Neutral
858,708,2.78,1.89,2.78,2.33,2.78,4.56,3.22,2.33,2.83375,Neutral
859,636,3.67,1.89,3.22,4.56,2.78,2.33,3.22,1.89,2.945,Neutral
860,218,3.67,4.11,2.33,2.33,1,2.33,3.22,2.33,2.665,Neutral
861,193,2.78,4.56,2.33,3.22,2.78,3.67,1,4.56,3.1125,Negative
862,106,3.22,3.22,2.78,4.11,1.89,1,4.56,3.67,3.05625,Negative
863,834,4.11,1.44,3.67,2.33,1,4.11,4.56,1.44,2.8325,Neutral
864,597,2.78,2.33,4.11,2.33,4.11,3.67,1.89,2.33,2.94375,Neutral
865,45,4.11,2.78,3.22,1,2.78,4.56,1.44,4.56,3.05625,Negative
866,264,2.78,1.44,2.33,2.33,3.67,3.22,2.33,1,2.3875,Neutral
867,219,5,2.33,2.78,3.67,4.56,5,4.11,1.89,3.6675,Negative
868,249,5,1.44,2.78,3.22,4.11,1,4.11,4.56,3.2775,Negative
869,507,4.56,1.44,3.22,1.44,3.67,4.56,3.67,4.56,3.39,Negative
870,383,5,5,4.11,5,2.33,4.56,1.89,5,4.11125,Positive
871,631,5,4.11,2.78,1.89,4.56,4.56,4.11,1.89,3.6125,Negative
872,502,3.22,1.89,2.78,1,4.11,2.33,3.67,4.11,2.88875,Neutral
873,792,5,1.44,3.22,3.67,3.67,2.78,3.22,4.56,3.445,Negative
874,271,4.11,5,3.22,2.78,3.67,5,5,1.44,3.7775,Negative
875,194,3.22,1.89,2.78,2.33,1,5,4.11,1.89,2.7775,Neutral
876,937,4.11,4.11,2.33,5,1,2.78,4.56,1.89,3.2225,Negative
877,726,3.22,2.33,2.33,3.67,3.67,1.89,3.22,2.33,2.8325,Neutral
878,339,3.22,5,2.78,4.56,2.33,1.89,3.22,2.78,3.2225,Negative
879,841,4.11,4.56,4.11,1.89,2.33,2.33,3.67,1,3,Negative
880,874,4.56,3.67,3.22,4.56,3.22,1,3.22,1.89,3.1675,Negative
881,214,3.22,3.22,2.33,1.89,1,1.89,2.33,3.22,2.3875,Neutral
882,924,4.56,5,2.78,2.78,3.22,2.33,1,4.11,3.2225,Negative
883,203,4.11,3.67,4.11,4.56,2.33,5,4.11,5,4.11125,Positive
884,629,4.11,1.89,3.67,2.33,2.33,4.11,1,5,3.055,Negative
885,354,3.22,1.89,3.67,5,1,1,5,3.22,3,Negative
886,857,4.56,4.11,3.22,2.78,3.67,4.11,1,4.56,3.50125,Negative
887,424,2.78,1.89,3.67,1.89,4.11,3.22,2.78,3.67,3.00125,Negative
888,872,3.22,5,4.11,4.11,1.44,1.44,1,2.33,2.83125,Neutral
889,116,4.11,2.78,3.22,1.89,2.78,1.89,1,4.56,2.77875,Neutral
890,308,4.56,5,3.67,5,1.89,1.44,5,4.56,3.89,Negative
891,698,2.78,4.56,3.22,1.89,3.22,4.56,4.56,4.56,3.66875,Negative
892,622,4.56,5,3.67,3.67,3.22,1.44,4.11,2.33,3.5,Negative
893,103,4.56,3.22,2.33,3.22,1,1.89,5,3.22,3.055,Negative
894,464,2.78,2.33,4.11,3.22,2.33,5,1,3.22,2.99875,Neutral
895,870,5,2.33,3.22,1.89,4.11,1.44,1.89,3.67,2.94375,Neutral
896,351,4.11,2.78,4.11,5,1,4.56,3.67,3.67,3.6125,Negative
897,628,5,5,2.33,3.67,1,3.67,1.89,4.56,3.39,Negative
898,33,4.11,2.78,3.22,1,4.11,3.67,3.67,1.44,3,Negative
899,972,3.67,4.56,2.33,1,1,1.44,1,5,2.5,Neutral
900,535,2.78,5,2.78,4.56,4.56,4.11,1,4.56,3.66875,Negative
901,959,4.11,2.33,2.78,2.78,5,3.67,1.89,1.44,3,Negative
902,794,5,2.33,2.33,4.11,3.22,4.11,3.22,4.56,3.61,Negative
903,313,2.78,3.67,3.67,1.89,3.67,5,1,1,2.835,Neutral
904,127,2.78,4.11,2.33,4.56,3.67,3.67,3.67,3.22,3.50125,Negative
905,245,5,3.22,2.33,4.56,4.56,1.44,3.67,3.67,3.55625,Negative
906,773,4.56,2.78,4.11,4.56,1,5,2.33,4.11,3.55625,Negative
907,69,4.11,3.22,3.22,1,4.56,1,4.56,3.67,3.1675,Negative
908,141,4.11,3.22,3.22,2.78,2.33,4.56,2.78,1.44,3.055,Negative
909,139,4.11,1.89,2.33,5,3.22,1,1,2.78,2.66625,Neutral
910,398,3.22,4.56,3.22,5,3.67,2.33,2.78,4.56,3.6675,Negative
911,889,3.67,3.22,4.11,3.22,3.22,3.22,3.67,5,3.66625,Negative
912,995,3.22,3.67,4.11,1.89,3.67,3.67,4.11,3.67,3.50125,Negative
913,757,4.56,2.78,3.67,4.56,3.67,4.11,4.56,1,3.61375,Negative
914,783,2.78,1.44,4.11,1.44,4.11,2.78,3.67,1.89,2.7775,Neutral
915,420,2.78,4.11,4.11,3.22,1.44,2.33,5,1.89,3.11,Negative
916,790,3.67,2.78,3.22,1.44,1.89,1,3.22,3.22,2.555,Neutral
917,592,3.67,1.44,3.67,5,4.11,4.56,2.78,1,3.27875,Negative
918,978,3.22,2.78,4.11,4.56,3.22,3.22,1.44,4.56,3.38875,Negative
919,735,3.22,2.33,3.22,1,3.67,3.22,1,2.78,2.555,Neutral
920,731,2.78,5,3.22,4.56,2.78,5,2.78,1.44,3.445,Negative
921,932,3.22,3.22,2.33,2.78,2.78,1.89,3.22,1,2.555,Neutral
922,497,3.22,2.33,4.11,2.33,3.22,5,1,3.22,3.05375,Negative
923,813,4.11,5,2.78,4.11,2.33,3.67,2.78,1.44,3.2775,Negative
924,2,5,1.44,3.67,1.89,5,2.33,2.33,3.67,3.16625,Negative
925,649,4.56,1.44,3.22,5,2.33,4.56,2.33,1.44,3.11,Negative
926,455,4.11,2.78,2.33,1.44,3.67,2.33,1,1.44,2.3875,Neutral
927,593,2.78,1.89,2.78,1.89,4.56,5,4.56,4.56,3.5025,Negative
928,206,5,4.11,2.78,2.33,4.11,4.56,5,3.22,3.88875,Negative
929,847,3.67,5,2.78,3.67,1,4.56,5,2.33,3.50125,Negative
930,233,4.11,3.67,3.67,3.67,4.56,1.44,4.11,1.44,3.33375,Negative
931,87,2.78,5,4.11,2.33,4.11,5,1,4.56,3.61125,Negative
932,333,3.22,1.89,3.67,3.22,4.56,4.56,4.56,1,3.335,Negative
933,738,4.11,1.44,2.78,3.67,1.44,3.67,3.22,2.78,2.88875,Neutral
934,350,2.78,3.22,3.22,1,4.11,3.67,5,5,3.5,Negative
935,805,4.11,4.11,3.67,5,3.22,1.44,1.44,3.22,3.27625,Negative
936,700,4.56,4.11,3.22,1,4.56,3.22,4.56,1,3.27875,Negative
937,92,3.67,3.22,3.67,1.89,1.44,1,3.67,3.22,2.7225,Neutral
938,68,2.78,2.78,4.11,4.11,3.67,3.22,5,2.33,3.5,Negative
939,746,5,2.78,3.22,3.67,1,1,3.22,1,2.61125,Neutral
940,741,3.67,4.56,3.67,1.89,5,4.11,5,2.78,3.835,Negative
941,581,4.56,5,4.11,1.44,2.78,3.22,3.67,5,3.7225,Negative
942,677,4.56,3.22,3.22,4.56,1,5,3.67,1,3.27875,Negative
943,442,3.67,4.11,2.78,5,4.11,1.89,3.22,2.33,3.38875,Negative
944,749,4.56,4.56,2.78,1.44,4.56,1,5,1,3.1125,Negative
945,25,2.78,3.22,2.33,5,2.33,1,4.11,1.89,2.8325,Neutral
946,936,3.22,3.67,3.22,2.33,1,4.11,2.33,5,3.11,Negative
947,90,4.56,5,3.22,3.67,4.11,1,1.44,3.67,3.33375,Negative
948,715,3.22,4.56,3.22,2.78,4.56,1,3.22,3.22,3.2225,Negative
949,240,4.56,4.56,3.67,5,2.78,3.67,1,3.22,3.5575,Negative
950,13,3.22,3.22,3.22,1.89,5,3.67,1.44,1,2.8325,Neutral
951,126,3.67,2.33,3.22,2.33,1,2.78,1.44,1,2.22125,Neutral
952,761,2.78,4.56,3.22,5,5,1,5,3.22,3.7225,Negative
953,302,4.11,2.33,3.22,3.67,1,2.33,1,4.11,2.72125,Neutral
954,650,4.11,2.33,3.67,4.56,5,1.44,4.11,1.89,3.38875,Negative
955,365,5,2.78,2.78,1.89,2.78,1.44,1.89,2.78,2.6675,Neutral
956,905,2.78,4.56,3.22,4.11,5,1.44,1,1,2.88875,Neutral
957,415,4.56,1.89,2.78,1,4.11,4.56,4.56,1.44,3.1125,Negative
958,397,5,3.67,4.11,3.22,3.22,3.22,1.44,3.22,3.3875,Negative
959,435,4.56,4.56,3.67,2.33,1,1,3.67,2.78,2.94625,Neutral
960,945,4.56,1.89,4.11,1.44,2.33,4.56,1,1,2.61125,Neutral
961,930,4.11,3.67,2.78,1,1.89,3.67,1.44,1,2.445,Neutral
962,687,2.78,4.56,3.67,4.56,1.89,1,4.56,2.78,3.225,Negative
963,852,2.78,5,2.78,2.33,1.89,5,4.11,3.22,3.38875,Negative
964,712,3.22,2.78,2.78,3.67,4.11,1.44,4.56,3.67,3.27875,Negative
965,470,3.22,5,3.22,3.22,3.67,1,1,1.44,2.72125,Neutral
966,43,3.22,2.78,2.33,1,5,3.67,2.33,1,2.66625,Neutral
967,550,2.78,1.89,3.67,4.11,1.44,3.67,3.67,4.11,3.1675,Negative
968,844,4.11,3.22,2.33,1,1,4.11,5,4.56,3.16625,Negative
969,150,3.22,2.78,4.11,2.78,1.44,5,1,3.22,2.94375,Neutral
970,168,3.22,1.89,4.11,1.44,4.11,5,3.67,1.89,3.16625,Negative
971,519,4.11,3.67,3.67,3.22,5,5,2.33,1.89,3.61125,Negative
972,531,4.56,4.11,3.67,3.22,1.89,4.11,1.89,3.67,3.39,Negative
973,643,4.56,3.67,3.67,3.67,1.44,2.33,1.89,3.67,3.1125,Negative
974,428,3.22,4.56,2.33,2.33,4.11,3.22,1.44,2.78,2.99875,Neutral
975,659,4.56,2.33,4.11,5,3.22,3.22,1.89,4.11,3.555,Negative
976,766,5,1.44,2.33,1.89,2.33,3.22,4.56,2.33,2.8875,Neutral
977,732,4.56,1.44,3.22,4.56,2.33,1.44,5,5,3.44375,Negative
978,916,5,2.33,3.67,1.89,5,5,3.67,4.11,3.83375,Negative
979,979,4.56,2.33,3.67,5,2.78,1.44,2.33,1.44,2.94375,Neutral
980,372,2.78,3.67,3.67,4.56,1.89,2.78,5,2.33,3.335,Negative
981,778,4.56,2.33,4.11,4.56,4.11,2.78,3.67,2.33,3.55625,Negative
982,579,5,1.89,3.67,4.11,4.56,1,4.11,4.11,3.55625,Negative
983,320,4.56,3.22,3.67,2.33,1.89,4.56,5,1.44,3.33375,Negative
984,645,2.78,4.56,3.22,3.22,4.11,2.78,5,4.11,3.7225,Negative
985,5,3.22,3.67,2.33,1.44,1.89,4.11,5,3.67,3.16625,Negative
986,294,3.67,2.78,2.33,1,3.22,1.44,4.56,3.22,2.7775,Neutral
987,117,4.11,1.44,2.78,5,2.78,2.33,1.89,1.44,2.72125,Neutral
988,555,4.56,1.44,4.11,3.67,1.44,1,1.89,5,2.88875,Neutral
989,29,3.22,4.56,2.78,1,3.22,5,2.33,2.78,3.11125,Negative
990,259,4.11,1.89,4.11,4.56,3.67,2.33,5,3.67,3.6675,Negative
991,47,4.11,2.33,2.33,4.56,5,5,1.44,3.22,3.49875,Negative
992,678,4.11,5,2.78,1.44,3.67,2.33,1,3.67,3,Negative
993,543,4.11,1.44,2.33,4.56,1.89,1.89,1.89,2.33,2.555,Neutral
994,908,2.78,1.44,2.78,1.89,1.44,5,2.33,4.11,2.72125,Neutral
995,586,4.11,1.44,2.33,4.56,4.11,4.11,3.67,3.67,3.5,Negative
996,98,4.56,4.56,3.67,1.44,1.89,1.89,4.11,2.33,3.05625,Negative
997,55,4.11,3.67,3.22,1.44,2.78,3.67,3.67,4.56,3.39,Negative
998,913,2.78,2.78,3.22,2.78,3.22,3.67,3.22,1,2.83375,Neutral
999,199,4.56,2.78,4.11,1.89,4.11,1,1,1.44,2.61125,Neutral
1000,539,5,1.44,3.67,2.33,1.89,2.33,5,1,2.8325,Neutral
1001,759,3.67,1.44,2.33,1.44,1,2.78,4.56,4.56,2.7225,Neutral
